[2026-08-03 15:06:43] INFO in app: Flask application started
[2026-08-03 15:06:44] INFO in app: Flask application started
[2026-08-03 15:06:44] INFO in app: Flask application started
[2026-08-03 15:06:49] INFO in app: Flask application started
[2026-08-03 15:06:49] INFO in <string>: Test log entry 1
[2026-08-03 15:06:49] WARNING in <string>: Test warning
[2026-08-03 15:06:49] ERROR in <string>: Test error
[2026-08-03 15:06:49] INFO in <string>: Test log entry 2
[2026-08-03 15:09:02] INFO in app: Flask application started
[2026-08-03 15:09:03] INFO in app: Flask application started
[2026-08-03 15:09:03] INFO in app: Flask application started
[2026-08-03 15:14:22] INFO in app: Flask application started
[2026-08-03 15:14:22] INFO in app: Flask application started
[2026-08-03 15:14:22] INFO in app: Flask application started
[2026-08-03 15:14:47] INFO in app: Flask application started
[2026-08-03 15:14:47] INFO in app: Flask application started
[2026-08-03 15:14:47] INFO in app: Flask application started
[2026-08-03 15:15:30] INFO in app: Flask application started
[2026-08-03 15:15:31] INFO in app: Flask application started
[2026-08-03 15:15:31] INFO in app: Flask application started
[2026-08-03 15:15:37] INFO in app: Flask application started
[2026-08-03 15:16:33] INFO in app: Bad request (400): 400 Bad Request: The CSRF token is missing.
[2026-08-03 15:16:33] INFO in app: Bad request (400): 400 Bad Request: The CSRF token is missing.
[2026-08-03 15:17:23] INFO in app: Bad request (400): 400 Bad Request: The CSRF token is missing.
[2026-08-03 15:17:23] INFO in app: Bad request (400): 400 Bad Request: The CSRF token is missing.
[2026-08-03 15:17:27] INFO in app: Bad request (400): 400 Bad Request: The CSRF token is missing.
[2026-08-03 15:17:27] INFO in app: Bad request (400): 400 Bad Request: The CSRF token is missing.
[2026-08-03 15:17:39] INFO in app: Bad request (400): 400 Bad Request: The CSRF token is missing.
[2026-08-03 15:17:39] INFO in app: Bad request (400): 400 Bad Request: The CSRF token is missing.
[2026-08-03 15:17:47] INFO in app: Bad request (400): 400 Bad Request: The CSRF token is missing.
[2026-08-03 15:17:47] INFO in app: Bad request (400): 400 Bad Request: The CSRF token is missing.
[2026-08-03 15:17:51] INFO in app: Bad request (400): 400 Bad Request: The CSRF token is missing.
[2026-08-03 15:17:51] INFO in app: Bad request (400): 400 Bad Request: The CSRF token is missing.
[2026-08-03 15:18:08] INFO in app: Bad request (400): 400 Bad Request: The CSRF token is missing.
[2026-08-03 15:18:08] INFO in app: Bad request (400): 400 Bad Request: The CSRF token is missing.
[2026-08-03 15:19:53] INFO in app: Flask application started
[2026-08-03 15:19:53] INFO in app: Flask application started
[2026-08-03 15:19:53] INFO in app: Flask application started
[2026-08-03 15:20:01] INFO in app: Flask application started
[2026-08-03 15:20:17] INFO in app: Flask application started
[2026-08-03 15:20:18] INFO in app: Flask application started
[2026-08-03 15:20:18] INFO in app: Flask application started
[2026-08-03 15:26:05] INFO in app: Bad request (400): 400 Bad Request: The CSRF token is missing.
[2026-08-03 15:26:05] INFO in app: Bad request (400): 400 Bad Request: The CSRF token is missing.
[2026-08-03 15:26:32] INFO in app: Flask application started
[2026-08-03 15:26:32] INFO in app: Flask application started
[2026-08-03 15:26:32] INFO in app: Flask application started
[2026-08-03 15:26:35] INFO in app: Flask application started
[2026-08-03 15:26:35] INFO in app: Flask application started
[2026-08-03 15:26:35] INFO in app: Flask application started
[2026-08-03 15:26:42] INFO in app: Bad request (400): 400 Bad Request: The CSRF token is missing.
[2026-08-03 15:26:42] INFO in app: Bad request (400): 400 Bad Request: The CSRF token is missing.
[2026-08-03 15:26:47] INFO in app: Bad request (400): 400 Bad Request: The CSRF token is missing.
[2026-08-03 15:26:47] INFO in app: Bad request (400): 400 Bad Request: The CSRF token is missing.
[2026-08-03 15:29:04] INFO in app: Flask application started
[2026-08-03 15:41:33] INFO in app: Flask application started
[2026-08-03 15:41:34] INFO in app: Flask application started
[2026-08-03 15:41:34] INFO in app: Flask application started
[2026-08-03 15:41:41] INFO in app: Flask application started
[2026-08-03 15:41:42] INFO in app: Flask application started
[2026-08-03 15:41:42] INFO in app: Flask application started
[2026-08-03 16:37:14] INFO in app: Flask application started
[2026-08-03 16:37:14] INFO in app: Flask application started
[2026-08-03 16:37:14] INFO in app: Flask application started
[2026-08-03 16:37:18] INFO in app: Flask application started
[2026-08-03 16:37:18] INFO in app: Flask application started
[2026-08-03 16:37:18] INFO in app: Flask application started
[2026-08-03 16:43:25] INFO in app: Flask application started
[2026-08-03 18:16:11] INFO in app: Flask application started
[2026-08-03 18:16:49] INFO in app: Flask application started
[2026-08-03 18:16:49] INFO in app: Flask application started
[2026-08-03 18:16:49] INFO in app: Flask application started
[2026-08-03 18:16:52] INFO in app: Flask application started
[2026-08-03 18:16:53] INFO in app: Flask application started
[2026-08-03 18:16:53] INFO in app: Flask application started
[2026-08-03 18:53:31] INFO in app: Flask application started
[2026-08-03 18:56:50] INFO in app: Flask application started
[2026-08-03 18:57:40] INFO in app: Flask application started
[2026-08-03 19:00:13] INFO in app: Flask application started
[2026-08-03 19:00:14] INFO in app: Flask application started
[2026-08-03 19:00:14] INFO in app: Flask application started
[2026-08-03 19:00:16] INFO in app: Flask application started
[2026-08-03 19:00:16] INFO in app: Flask application started
[2026-08-03 19:00:16] INFO in app: Flask application started
[2026-08-03 19:42:51] INFO in app: Flask application started
[2026-08-03 19:42:51] INFO in app: Flask application started
[2026-08-03 19:42:51] INFO in app: Flask application started
[2026-08-03 19:42:54] INFO in app: Flask application started
[2026-08-03 19:42:54] INFO in app: Flask application started
[2026-08-03 19:42:54] INFO in app: Flask application started
[2026-08-03 19:58:36] INFO in app: Flask application started
[2026-08-03 19:58:36] INFO in app: Flask application started
[2026-08-03 19:58:36] INFO in app: Flask application started
[2026-08-03 19:58:38] INFO in app: Flask application started
[2026-08-03 19:58:39] INFO in app: Flask application started
[2026-08-03 19:58:39] INFO in app: Flask application started
[2026-08-04 10:08:54] INFO in app: Flask application started
[2026-08-04 10:08:55] INFO in app: Flask application started
[2026-08-04 10:08:55] INFO in app: Flask application started
[2026-08-04 10:08:58] INFO in app: Flask application started
[2026-08-04 10:08:59] INFO in app: Flask application started
[2026-08-04 10:08:59] INFO in app: Flask application started
[2026-08-04 10:13:25] WARNING in auth: Login FAILED (bad password): sabir1@sabir1.com from 127.0.0.1
[2026-08-04 10:13:25] WARNING in auth: Login FAILED (bad password): sabir1@sabir1.com from 127.0.0.1
[2026-08-04 10:13:39] INFO in auth: Login OK: sabir1@sabir1.com (role=admin) from 127.0.0.1
[2026-08-04 10:13:39] INFO in auth: Login OK: sabir1@sabir1.com (role=admin) from 127.0.0.1
[2026-08-04 10:59:28] INFO in app: Flask application started
[2026-08-04 10:59:28] INFO in app: Flask application started
[2026-08-04 10:59:28] INFO in app: Flask application started
[2026-08-04 10:59:37] INFO in app: Flask application started
[2026-08-04 10:59:37] INFO in app: Flask application started
[2026-08-04 10:59:37] INFO in app: Flask application started
[2026-08-04 11:13:00] INFO in app: Flask application started
[2026-08-04 11:13:00] INFO in app: Flask application started
[2026-08-04 11:13:00] INFO in app: Flask application started
[2026-08-04 11:18:00] INFO in app: Flask application started
[2026-08-04 11:18:01] INFO in app: Flask application started
[2026-08-04 11:18:01] INFO in app: Flask application started
[2026-08-04 11:18:03] INFO in app: Flask application started
[2026-08-04 11:18:03] INFO in app: Flask application started
[2026-08-04 11:18:03] INFO in app: Flask application started
[2026-08-04 11:47:17] INFO in app: Flask application started
[2026-08-04 11:47:18] INFO in app: Flask application started
[2026-08-04 11:47:18] INFO in app: Flask application started
[2026-08-04 11:47:23] INFO in app: Flask application started
[2026-08-04 11:47:24] INFO in app: Flask application started
[2026-08-04 11:47:24] INFO in app: Flask application started
[2026-08-04 12:02:33] INFO in app: Flask application started
[2026-08-04 12:02:33] INFO in app: Flask application started
[2026-08-04 12:02:33] INFO in app: Flask application started
[2026-08-04 12:02:57] INFO in app: Flask application started
[2026-08-04 12:02:57] INFO in app: Flask application started
[2026-08-04 12:02:57] INFO in app: Flask application started
[2026-08-04 12:06:48] INFO in app: Flask application started
[2026-08-04 12:06:48] INFO in app: Flask application started
[2026-08-04 12:06:48] INFO in app: Flask application started
[2026-08-04 12:07:02] INFO in app: Flask application started
[2026-08-04 12:07:03] INFO in app: Flask application started
[2026-08-04 12:07:03] INFO in app: Flask application started
[2026-08-04 12:08:02] INFO in app: Flask application started
[2026-08-04 12:08:02] INFO in app: Flask application started
[2026-08-04 12:08:02] INFO in app: Flask application started
[2026-08-04 12:08:05] INFO in app: Flask application started
[2026-08-04 12:08:05] INFO in app: Flask application started
[2026-08-04 12:08:05] INFO in app: Flask application started
[2026-08-04 12:09:03] INFO in app: Flask application started
[2026-08-04 12:09:03] INFO in app: Flask application started
[2026-08-04 12:09:03] INFO in app: Flask application started
[2026-08-04 12:09:41] INFO in app: Flask application started
[2026-08-04 12:09:41] INFO in app: Flask application started
[2026-08-04 12:09:41] INFO in app: Flask application started
[2026-08-04 12:09:43] INFO in app: Flask application started
[2026-08-04 12:09:44] INFO in app: Flask application started
[2026-08-04 12:09:44] INFO in app: Flask application started
[2026-08-04 12:10:10] INFO in app: Flask application started
[2026-08-04 12:10:11] INFO in app: Flask application started
[2026-08-04 12:10:11] INFO in app: Flask application started
[2026-08-04 12:10:55] INFO in app: Flask application started
[2026-08-04 12:10:56] INFO in app: Flask application started
[2026-08-04 12:10:56] INFO in app: Flask application started
[2026-08-04 12:10:58] INFO in app: Flask application started
[2026-08-04 12:10:58] INFO in app: Flask application started
[2026-08-04 12:10:58] INFO in app: Flask application started
[2026-08-04 12:12:28] INFO in app: Flask application started
[2026-08-04 12:12:29] INFO in app: Flask application started
[2026-08-04 12:12:29] INFO in app: Flask application started
[2026-08-04 12:12:30] INFO in app: Flask application started
[2026-08-04 12:12:31] INFO in app: Flask application started
[2026-08-04 12:12:31] INFO in app: Flask application started
[2026-08-04 12:15:36] INFO in app: Flask application started
[2026-08-04 12:15:36] INFO in app: Flask application started
[2026-08-04 12:15:36] INFO in app: Flask application started
[2026-08-04 12:16:34] INFO in app: Flask application started
[2026-08-04 12:16:34] INFO in app: Flask application started
[2026-08-04 12:16:34] INFO in app: Flask application started
[2026-08-04 12:16:39] INFO in app: Flask application started
[2026-08-04 12:16:39] INFO in app: Flask application started
[2026-08-04 12:16:39] INFO in app: Flask application started
[2026-08-04 12:16:44] INFO in app: Flask application started
[2026-08-04 12:16:44] INFO in app: Flask application started
[2026-08-04 12:16:44] INFO in app: Flask application started
[2026-08-04 12:16:48] INFO in app: Flask application started
[2026-08-04 12:16:49] INFO in app: Flask application started
[2026-08-04 12:16:49] INFO in app: Flask application started
[2026-08-04 12:16:55] INFO in app: Flask application started
[2026-08-04 12:16:55] INFO in app: Flask application started
[2026-08-04 12:16:55] INFO in app: Flask application started
[2026-08-04 12:16:58] INFO in app: Flask application started
[2026-08-04 12:16:58] INFO in app: Flask application started
[2026-08-04 12:16:58] INFO in app: Flask application started
[2026-08-04 12:17:01] INFO in app: Flask application started
[2026-08-04 12:17:02] INFO in app: Flask application started
[2026-08-04 12:17:02] INFO in app: Flask application started
[2026-08-04 12:17:06] INFO in app: Flask application started
[2026-08-04 12:17:07] INFO in app: Flask application started
[2026-08-04 12:17:07] INFO in app: Flask application started
[2026-08-04 12:17:11] INFO in app: Flask application started
[2026-08-04 12:17:11] INFO in app: Flask application started
[2026-08-04 12:17:11] INFO in app: Flask application started
[2026-08-04 12:17:53] INFO in app: Flask application started
[2026-08-04 12:17:54] INFO in app: Flask application started
[2026-08-04 12:17:54] INFO in app: Flask application started
[2026-08-04 12:18:03] INFO in app: Flask application started
[2026-08-04 12:18:03] INFO in app: Flask application started
[2026-08-04 12:18:03] INFO in app: Flask application started
[2026-08-04 12:18:08] INFO in app: Flask application started
[2026-08-04 12:18:08] INFO in app: Flask application started
[2026-08-04 12:18:08] INFO in app: Flask application started
[2026-08-04 12:18:12] INFO in app: Flask application started
[2026-08-04 12:18:13] INFO in app: Flask application started
[2026-08-04 12:18:13] INFO in app: Flask application started
[2026-08-04 12:18:16] INFO in app: Flask application started
[2026-08-04 12:18:17] INFO in app: Flask application started
[2026-08-04 12:18:17] INFO in app: Flask application started
[2026-08-04 12:18:17] INFO in app: Flask application started
[2026-08-04 12:18:18] INFO in app: Flask application started
[2026-08-04 12:18:18] INFO in app: Flask application started
[2026-08-04 12:18:19] INFO in app: Flask application started
[2026-08-04 12:18:19] INFO in app: Flask application started
[2026-08-04 12:18:19] INFO in app: Flask application started
[2026-08-04 12:18:22] INFO in app: Flask application started
[2026-08-04 12:18:22] INFO in app: Flask application started
[2026-08-04 12:18:22] INFO in app: Flask application started
[2026-08-04 12:18:22] INFO in app: Flask application started
[2026-08-04 12:18:23] INFO in app: Flask application started
[2026-08-04 12:18:23] INFO in app: Flask application started
[2026-08-04 12:19:23] INFO in app: Flask application started
[2026-08-04 12:19:24] INFO in app: Flask application started
[2026-08-04 12:19:24] INFO in app: Flask application started
[2026-08-04 12:19:25] INFO in app: Flask application started
[2026-08-04 12:19:26] INFO in app: Flask application started
[2026-08-04 12:19:26] INFO in app: Flask application started
[2026-08-04 12:20:23] INFO in app: Flask application started
[2026-08-04 12:20:23] INFO in app: Flask application started
[2026-08-04 12:20:23] INFO in app: Flask application started
[2026-08-04 12:20:23] INFO in app: Flask application started
[2026-08-04 12:20:24] INFO in app: Flask application started
[2026-08-04 12:20:24] INFO in app: Flask application started
[2026-08-04 12:20:36] INFO in app: Flask application started
[2026-08-04 12:20:36] INFO in app: Flask application started
[2026-08-04 12:20:36] INFO in app: Flask application started
[2026-08-04 12:20:36] INFO in app: Flask application started
[2026-08-04 12:20:36] INFO in app: Flask application started
[2026-08-04 12:20:36] INFO in app: Flask application started
[2026-08-04 12:21:30] INFO in app: Flask application started
[2026-08-04 12:21:31] INFO in app: Flask application started
[2026-08-04 12:21:31] INFO in app: Flask application started
[2026-08-04 12:21:35] INFO in app: Flask application started
[2026-08-04 12:21:35] INFO in app: Flask application started
[2026-08-04 12:21:35] INFO in app: Flask application started
[2026-08-04 12:24:15] INFO in app: Flask application started
[2026-08-04 12:24:15] INFO in app: Flask application started
[2026-08-04 12:24:15] INFO in app: Flask application started
[2026-08-04 12:24:15] INFO in app: Flask application started
[2026-08-04 12:24:15] INFO in app: Flask application started
[2026-08-04 12:24:15] INFO in app: Flask application started
[2026-08-04 12:24:15] INFO in app: Flask application started
[2026-08-04 12:24:15] INFO in app: Flask application started
[2026-08-04 12:24:15] INFO in app: Flask application started
[2026-08-04 12:24:25] INFO in app: Flask application started
[2026-08-04 12:24:25] INFO in app: Flask application started
[2026-08-04 12:24:25] INFO in app: Flask application started
[2026-08-04 12:24:25] INFO in app: Flask application started
[2026-08-04 12:24:25] INFO in app: Flask application started
[2026-08-04 12:24:25] INFO in app: Flask application started
[2026-08-04 12:24:25] INFO in app: Flask application started
[2026-08-04 12:24:26] INFO in app: Flask application started
[2026-08-04 12:24:26] INFO in app: Flask application started
[2026-08-04 12:24:45] INFO in app: Flask application started
[2026-08-04 12:24:46] INFO in app: Flask application started
[2026-08-04 12:24:46] INFO in app: Flask application started
[2026-08-04 12:24:50] INFO in app: Flask application started
[2026-08-04 12:24:50] INFO in app: Flask application started
[2026-08-04 12:24:50] INFO in app: Flask application started
[2026-08-04 12:28:26] INFO in app: Flask application started
[2026-08-04 12:28:26] INFO in app: Flask application started
[2026-08-04 12:28:26] INFO in app: Flask application started
[2026-08-04 12:28:28] INFO in app: Flask application started
[2026-08-04 12:28:29] INFO in app: Flask application started
[2026-08-04 12:28:29] INFO in app: Flask application started
[2026-08-04 12:30:14] INFO in app: Flask application started
[2026-08-04 12:30:14] INFO in app: Flask application started
[2026-08-04 12:30:14] INFO in app: Flask application started
[2026-08-04 12:30:14] INFO in app: Flask application started
[2026-08-04 12:30:14] INFO in app: Flask application started
[2026-08-04 12:30:14] INFO in app: Flask application started
[2026-08-04 12:30:14] INFO in app: Flask application started
[2026-08-04 12:30:15] INFO in app: Flask application started
[2026-08-04 12:30:15] INFO in app: Flask application started
[2026-08-04 12:30:15] INFO in app: Flask application started
[2026-08-04 12:30:15] INFO in app: Flask application started
[2026-08-04 12:30:15] INFO in app: Flask application started
[2026-08-04 12:30:15] INFO in app: Flask application started
[2026-08-04 12:30:16] INFO in app: Flask application started
[2026-08-04 12:30:16] INFO in app: Flask application started
[2026-08-04 12:30:28] INFO in app: Flask application started
[2026-08-04 12:30:28] INFO in app: Flask application started
[2026-08-04 12:30:28] INFO in app: Flask application started
[2026-08-04 12:30:28] INFO in app: Flask application started
[2026-08-04 12:30:29] INFO in app: Flask application started
[2026-08-04 12:30:29] INFO in app: Flask application started
[2026-08-04 12:30:29] INFO in app: Flask application started
[2026-08-04 12:30:29] INFO in app: Flask application started
[2026-08-04 12:30:29] INFO in app: Flask application started
[2026-08-04 12:30:29] INFO in app: Flask application started
[2026-08-04 12:30:29] INFO in app: Flask application started
[2026-08-04 12:30:29] INFO in app: Flask application started
[2026-08-04 12:30:29] INFO in app: Flask application started
[2026-08-04 12:30:29] INFO in app: Flask application started
[2026-08-04 12:30:29] INFO in app: Flask application started
[2026-08-04 12:30:59] INFO in app: Flask application started
[2026-08-04 12:30:59] INFO in app: Flask application started
[2026-08-04 12:30:59] INFO in app: Flask application started
[2026-08-04 12:31:02] INFO in app: Flask application started
[2026-08-04 12:31:02] INFO in app: Flask application started
[2026-08-04 12:31:02] INFO in app: Flask application started
[2026-08-04 12:39:19] INFO in auth: Login OK: sabir1@sabir1.com (role=admin) from 127.0.0.1
[2026-08-04 12:39:19] INFO in auth: Login OK: sabir1@sabir1.com (role=admin) from 127.0.0.1
[2026-08-04 13:09:29] INFO in app: Flask application started
[2026-08-04 13:09:29] INFO in app: Flask application started
[2026-08-04 13:09:29] INFO in app: Flask application started
[2026-08-04 13:09:31] INFO in app: Flask application started
[2026-08-04 13:09:32] INFO in app: Flask application started
[2026-08-04 13:09:32] INFO in app: Flask application started
[2026-08-04 13:21:58] INFO in app: Flask application started
[2026-08-04 13:21:58] INFO in app: Flask application started
[2026-08-04 13:21:58] INFO in app: Flask application started
[2026-08-04 13:21:59] INFO in app: Flask application started
[2026-08-04 13:21:59] INFO in app: Flask application started
[2026-08-04 13:21:59] INFO in app: Flask application started
[2026-08-04 13:21:59] INFO in app: Flask application started
[2026-08-04 13:21:59] INFO in app: Flask application started
[2026-08-04 13:21:59] INFO in app: Flask application started
[2026-08-04 13:21:59] INFO in app: Flask application started
[2026-08-04 13:21:59] INFO in app: Flask application started
[2026-08-04 13:21:59] INFO in app: Flask application started
[2026-08-04 13:21:59] INFO in app: Flask application started
[2026-08-04 13:21:59] INFO in app: Flask application started
[2026-08-04 13:21:59] INFO in app: Flask application started
[2026-08-04 13:22:01] INFO in app: Flask application started
[2026-08-04 13:22:02] INFO in app: Flask application started
[2026-08-04 13:22:02] INFO in app: Flask application started
[2026-08-04 13:22:09] INFO in app: Flask application started
[2026-08-04 13:22:09] INFO in app: Flask application started
[2026-08-04 13:22:09] INFO in app: Flask application started
[2026-08-04 13:22:20] INFO in app: Flask application started
[2026-08-04 13:22:20] INFO in app: Flask application started
[2026-08-04 13:22:20] INFO in app: Flask application started
[2026-08-04 13:22:23] INFO in app: Flask application started
[2026-08-04 13:22:23] INFO in app: Flask application started
[2026-08-04 13:22:23] INFO in app: Flask application started
[2026-08-04 13:23:40] INFO in app: Flask application started
[2026-08-04 13:23:41] INFO in app: Flask application started
[2026-08-04 13:23:41] INFO in app: Flask application started
[2026-08-04 13:23:41] INFO in app: Flask application started
[2026-08-04 13:23:41] INFO in app: Flask application started
[2026-08-04 13:23:41] INFO in app: Flask application started
[2026-08-04 13:23:41] INFO in app: Flask application started
[2026-08-04 13:23:41] INFO in app: Flask application started
[2026-08-04 13:23:41] INFO in app: Flask application started
[2026-08-04 13:23:41] INFO in app: Flask application started
[2026-08-04 13:23:41] INFO in app: Flask application started
[2026-08-04 13:23:41] INFO in app: Flask application started
[2026-08-04 13:23:41] INFO in app: Flask application started
[2026-08-04 13:23:41] INFO in app: Flask application started
[2026-08-04 13:23:42] INFO in app: Flask application started
[2026-08-04 13:23:42] INFO in app: Flask application started
[2026-08-04 13:23:42] INFO in app: Flask application started
[2026-08-04 13:23:42] INFO in app: Flask application started
[2026-08-04 13:23:42] INFO in app: Flask application started
[2026-08-04 13:23:42] INFO in app: Flask application started
[2026-08-04 13:23:42] INFO in app: Flask application started
[2026-08-04 13:23:42] INFO in app: Flask application started
[2026-08-04 13:23:42] INFO in app: Flask application started
[2026-08-04 13:23:42] INFO in app: Flask application started
[2026-08-04 13:23:49] INFO in app: Flask application started
[2026-08-04 13:23:49] INFO in app: Flask application started
[2026-08-04 13:23:49] INFO in app: Flask application started
[2026-08-04 13:23:49] INFO in app: Flask application started
[2026-08-04 13:23:49] INFO in app: Flask application started
[2026-08-04 13:23:50] INFO in app: Flask application started
[2026-08-04 13:23:50] INFO in app: Flask application started
[2026-08-04 13:23:50] INFO in app: Flask application started
[2026-08-04 13:23:50] INFO in app: Flask application started
[2026-08-04 13:23:50] INFO in app: Flask application started
[2026-08-04 13:23:50] INFO in app: Flask application started
[2026-08-04 13:23:50] INFO in app: Flask application started
[2026-08-04 13:23:50] INFO in app: Flask application started
[2026-08-04 13:23:50] INFO in app: Flask application started
[2026-08-04 13:23:50] INFO in app: Flask application started
[2026-08-04 13:23:50] INFO in app: Flask application started
[2026-08-04 13:23:50] INFO in app: Flask application started
[2026-08-04 13:23:50] INFO in app: Flask application started
[2026-08-04 13:23:50] INFO in app: Flask application started
[2026-08-04 13:23:50] INFO in app: Flask application started
[2026-08-04 13:23:50] INFO in app: Flask application started
[2026-08-04 13:23:50] INFO in app: Flask application started
[2026-08-04 13:23:50] INFO in app: Flask application started
[2026-08-04 13:23:50] INFO in app: Flask application started
[2026-08-04 13:24:08] INFO in app: Flask application started
[2026-08-04 13:24:08] INFO in app: Flask application started
[2026-08-04 13:24:08] INFO in app: Flask application started
[2026-08-04 13:24:10] INFO in app: Flask application started
[2026-08-04 13:24:10] INFO in app: Flask application started
[2026-08-04 13:24:10] INFO in app: Flask application started
[2026-08-04 13:49:50] INFO in app: Flask application started
[2026-08-04 13:49:50] INFO in app: Flask application started
[2026-08-04 13:49:50] INFO in app: Flask application started
[2026-08-04 13:49:59] INFO in app: Flask application started
[2026-08-04 13:50:00] INFO in app: Flask application started
[2026-08-04 13:50:00] INFO in app: Flask application started
[2026-08-04 14:15:35] INFO in app: Flask application started
[2026-08-04 14:15:35] INFO in app: Flask application started
[2026-08-04 14:15:35] INFO in app: Flask application started
[2026-08-04 14:15:35] INFO in app: Flask application started
[2026-08-04 14:15:35] INFO in app: Flask application started
[2026-08-04 14:15:36] INFO in app: Flask application started
[2026-08-04 14:15:36] INFO in app: Flask application started
[2026-08-04 14:15:36] INFO in app: Flask application started
[2026-08-04 14:15:36] INFO in app: Flask application started
[2026-08-04 14:15:36] INFO in app: Flask application started
[2026-08-04 14:15:36] INFO in app: Flask application started
[2026-08-04 14:15:36] INFO in app: Flask application started
[2026-08-04 14:15:36] INFO in app: Flask application started
[2026-08-04 14:15:36] INFO in app: Flask application started
[2026-08-04 14:15:36] INFO in app: Flask application started
[2026-08-04 14:15:40] INFO in app: Flask application started
[2026-08-04 14:15:41] INFO in app: Flask application started
[2026-08-04 14:15:41] INFO in app: Flask application started
[2026-08-04 14:15:54] INFO in app: Flask application started
[2026-08-04 14:15:54] INFO in app: Flask application started
[2026-08-04 14:15:54] INFO in app: Flask application started
[2026-08-04 14:15:54] INFO in app: Flask application started
[2026-08-04 14:15:55] INFO in app: Flask application started
[2026-08-04 14:15:55] INFO in app: Flask application started
[2026-08-04 14:15:57] INFO in app: Flask application started
[2026-08-04 14:15:58] INFO in app: Flask application started
[2026-08-04 14:15:58] INFO in app: Flask application started
[2026-08-04 14:16:28] INFO in app: Flask application started
[2026-08-04 14:16:28] INFO in app: Flask application started
[2026-08-04 14:16:28] INFO in app: Flask application started
[2026-08-04 14:16:35] INFO in app: Flask application started
[2026-08-04 14:16:35] INFO in app: Flask application started
[2026-08-04 14:16:35] INFO in app: Flask application started
[2026-08-04 14:19:05] INFO in app: Flask application started
[2026-08-04 14:20:27] INFO in app: Flask application started
[2026-08-04 14:20:27] INFO in app: Flask application started
[2026-08-04 14:20:27] INFO in app: Flask application started
[2026-08-04 14:20:30] INFO in app: Flask application started
[2026-08-04 14:20:30] INFO in app: Flask application started
[2026-08-04 14:20:30] INFO in app: Flask application started
[2026-08-04 14:26:03] INFO in app: Flask application started
[2026-08-04 14:26:03] INFO in app: Flask application started
[2026-08-04 14:26:04] INFO in app: Flask application started
[2026-08-04 14:26:04] INFO in app: Flask application started
[2026-08-04 14:26:04] INFO in app: Flask application started
[2026-08-04 14:26:04] INFO in app: Flask application started
[2026-08-04 14:26:04] INFO in app: Flask application started
[2026-08-04 14:26:04] INFO in app: Flask application started
[2026-08-04 14:26:04] INFO in app: Flask application started
[2026-08-04 14:26:04] INFO in app: Flask application started
[2026-08-04 14:26:05] INFO in app: Flask application started
[2026-08-04 14:26:05] INFO in app: Flask application started
[2026-08-04 14:26:05] INFO in app: Flask application started
[2026-08-04 14:26:05] INFO in app: Flask application started
[2026-08-04 14:26:05] INFO in app: Flask application started
[2026-08-04 14:26:05] INFO in app: Flask application started
[2026-08-04 14:26:05] INFO in app: Flask application started
[2026-08-04 14:26:05] INFO in app: Flask application started
[2026-08-04 14:26:05] INFO in app: Flask application started
[2026-08-04 14:26:06] INFO in app: Flask application started
[2026-08-04 14:26:06] INFO in app: Flask application started
[2026-08-04 14:26:06] INFO in app: Flask application started
[2026-08-04 14:26:06] INFO in app: Flask application started
[2026-08-04 14:26:06] INFO in app: Flask application started
[2026-08-04 14:26:06] INFO in app: Flask application started
[2026-08-04 14:26:06] INFO in app: Flask application started
[2026-08-04 14:26:06] INFO in app: Flask application started
[2026-08-04 14:26:06] INFO in app: Flask application started
[2026-08-04 14:26:07] INFO in app: Flask application started
[2026-08-04 14:26:07] INFO in app: Flask application started
[2026-08-04 14:26:07] INFO in app: Flask application started
[2026-08-04 14:26:07] INFO in app: Flask application started
[2026-08-04 14:26:07] INFO in app: Flask application started
[2026-08-04 14:26:15] INFO in app: Flask application started
[2026-08-04 14:26:16] INFO in app: Flask application started
[2026-08-04 14:26:16] INFO in app: Flask application started
[2026-08-04 14:26:18] INFO in app: Flask application started
[2026-08-04 14:26:18] INFO in app: Flask application started
[2026-08-04 14:26:18] INFO in app: Flask application started
[2026-08-04 14:41:13] INFO in app: Flask application started
[2026-08-04 14:41:13] INFO in app: Flask application started
[2026-08-04 14:41:13] INFO in app: Flask application started
[2026-08-04 14:41:16] INFO in app: Flask application started
[2026-08-04 14:41:16] INFO in app: Flask application started
[2026-08-04 14:41:16] INFO in app: Flask application started
[2026-08-04 14:48:01] INFO in app: Flask application started
[2026-08-04 14:48:02] INFO in app: Flask application started
[2026-08-04 14:48:02] INFO in app: Flask application started
[2026-08-04 14:48:30] INFO in app: Flask application started
[2026-08-04 14:48:31] INFO in app: Flask application started
[2026-08-04 14:48:31] INFO in app: Flask application started
[2026-08-04 14:48:32] INFO in app: Flask application started
[2026-08-04 14:48:33] INFO in app: Flask application started
[2026-08-04 14:48:33] INFO in app: Flask application started
[2026-08-04 14:49:15] INFO in app: Flask application started
[2026-08-04 14:49:15] INFO in app: Flask application started
[2026-08-04 14:49:15] INFO in app: Flask application started
[2026-08-04 14:49:17] INFO in app: Flask application started
[2026-08-04 14:49:18] INFO in app: Flask application started
[2026-08-04 14:49:18] INFO in app: Flask application started
[2026-08-04 14:50:21] INFO in app: Flask application started
[2026-08-04 14:50:21] INFO in app: Flask application started
[2026-08-04 14:50:21] INFO in app: Flask application started
[2026-08-04 14:50:21] INFO in app: Flask application started
[2026-08-04 14:50:22] INFO in app: Flask application started
[2026-08-04 14:50:22] INFO in app: Flask application started
[2026-08-04 14:50:46] INFO in app: Flask application started
[2026-08-04 14:50:46] INFO in app: Flask application started
[2026-08-04 14:50:46] INFO in app: Flask application started
[2026-08-04 14:50:48] INFO in app: Flask application started
[2026-08-04 14:50:48] INFO in app: Flask application started
[2026-08-04 14:50:48] INFO in app: Flask application started
[2026-08-04 14:58:28] INFO in app: Flask application started
[2026-08-04 14:58:28] INFO in app: Flask application started
[2026-08-04 14:58:28] INFO in app: Flask application started
[2026-08-04 14:58:30] INFO in app: Flask application started
[2026-08-04 14:58:30] INFO in app: Flask application started
[2026-08-04 14:58:30] INFO in app: Flask application started
[2026-08-04 15:03:00] INFO in app: Flask application started
[2026-08-04 15:03:00] INFO in app: Flask application started
[2026-08-04 15:03:00] INFO in app: Flask application started
[2026-08-04 15:03:01] INFO in app: Flask application started
[2026-08-04 15:03:01] INFO in app: Flask application started
[2026-08-04 15:03:01] INFO in app: Flask application started
[2026-08-04 15:03:01] INFO in app: Flask application started
[2026-08-04 15:03:01] INFO in app: Flask application started
[2026-08-04 15:03:01] INFO in app: Flask application started
[2026-08-04 15:03:01] INFO in app: Flask application started
[2026-08-04 15:03:01] INFO in app: Flask application started
[2026-08-04 15:03:01] INFO in app: Flask application started
[2026-08-04 15:03:15] INFO in app: Flask application started
[2026-08-04 15:03:16] INFO in app: Flask application started
[2026-08-04 15:03:16] INFO in app: Flask application started
[2026-08-04 15:03:18] INFO in app: Flask application started
[2026-08-04 15:03:18] INFO in app: Flask application started
[2026-08-04 15:03:18] INFO in app: Flask application started
[2026-08-04 15:08:40] INFO in app: Flask application started
[2026-08-04 15:09:20] WARNING in auth: Login FAILED (bad password): admin@test.com from 127.0.0.1
[2026-08-04 15:09:20] WARNING in auth: Login FAILED (bad password): admin@test.com from 127.0.0.1
[2026-08-04 15:09:36] INFO in app: Flask application started
[2026-08-04 15:10:06] INFO in app: Flask application started
[2026-08-04 15:10:06] INFO in app: Flask application started
[2026-08-04 15:10:06] INFO in app: Flask application started
[2026-08-04 15:10:08] INFO in app: Flask application started
[2026-08-04 15:10:09] INFO in app: Flask application started
[2026-08-04 15:10:09] INFO in app: Flask application started
[2026-08-04 15:10:12] WARNING in auth: Login FAILED (bad password): admin@test.com from 127.0.0.1
[2026-08-04 15:10:12] WARNING in auth: Login FAILED (bad password): admin@test.com from 127.0.0.1
[2026-08-04 15:41:14] INFO in app: Posting refused: No fiscal year covers 2025-07-01. Create the fiscal year first.
[2026-08-04 15:41:14] INFO in app: Posting refused: No fiscal year covers 2025-07-01. Create the fiscal year first.
[2026-08-04 15:44:06] INFO in app: Posting refused: No fiscal year covers 2025-07-01. Create the fiscal year first.
[2026-08-04 15:44:06] INFO in app: Posting refused: No fiscal year covers 2025-07-01. Create the fiscal year first.
[2026-08-04 16:00:28] INFO in app: Flask application started
[2026-08-04 16:00:28] INFO in app: Flask application started
[2026-08-04 16:00:28] INFO in app: Flask application started
[2026-08-04 16:00:28] INFO in app: Flask application started
[2026-08-04 16:00:28] INFO in app: Flask application started
[2026-08-04 16:00:28] INFO in app: Flask application started
[2026-08-04 16:00:28] INFO in app: Flask application started
[2026-08-04 16:00:28] INFO in app: Flask application started
[2026-08-04 16:00:28] INFO in app: Flask application started
[2026-08-04 16:00:29] INFO in app: Flask application started
[2026-08-04 16:00:29] INFO in app: Flask application started
[2026-08-04 16:00:29] INFO in app: Flask application started
[2026-08-04 16:00:29] INFO in app: Flask application started
[2026-08-04 16:00:30] INFO in app: Flask application started
[2026-08-04 16:00:30] INFO in app: Flask application started
[2026-08-04 16:01:02] INFO in app: Flask application started
[2026-08-04 16:01:02] INFO in app: Flask application started
[2026-08-04 16:01:02] INFO in app: Flask application started
[2026-08-04 16:01:02] INFO in app: Flask application started
[2026-08-04 16:01:02] INFO in app: Flask application started
[2026-08-04 16:01:02] INFO in app: Flask application started
[2026-08-04 16:01:02] INFO in app: Flask application started
[2026-08-04 16:01:02] INFO in app: Flask application started
[2026-08-04 16:01:02] INFO in app: Flask application started
[2026-08-04 16:01:02] INFO in app: Flask application started
[2026-08-04 16:01:02] INFO in app: Flask application started
[2026-08-04 16:01:02] INFO in app: Flask application started
[2026-08-04 16:01:02] INFO in app: Flask application started
[2026-08-04 16:01:03] INFO in app: Flask application started
[2026-08-04 16:01:03] INFO in app: Flask application started
[2026-08-04 16:03:11] INFO in app: Flask application started
[2026-08-04 16:03:11] INFO in app: Flask application started
[2026-08-04 16:03:11] INFO in app: Flask application started
[2026-08-04 16:03:13] INFO in app: Flask application started
[2026-08-04 16:03:14] INFO in app: Flask application started
[2026-08-04 16:03:14] INFO in app: Flask application started
[2026-08-04 16:03:47] INFO in app: Flask application started
[2026-08-04 16:03:47] INFO in app: Flask application started
[2026-08-04 16:03:47] INFO in app: Flask application started
[2026-08-04 16:03:49] INFO in app: Flask application started
[2026-08-04 16:03:49] INFO in app: Flask application started
[2026-08-04 16:03:49] INFO in app: Flask application started
[2026-08-04 16:05:06] INFO in app: Flask application started
[2026-08-04 16:05:22] INFO in app: Flask application started
[2026-08-04 16:31:05] INFO in app: Flask application started
[2026-08-04 16:31:05] INFO in app: Flask application started
[2026-08-04 16:31:05] INFO in app: Flask application started
[2026-08-04 16:31:05] INFO in app: Flask application started
[2026-08-04 16:31:05] INFO in app: Flask application started
[2026-08-04 16:31:05] INFO in app: Flask application started
[2026-08-04 16:31:05] INFO in app: Flask application started
[2026-08-04 16:31:05] INFO in app: Flask application started
[2026-08-04 16:31:05] INFO in app: Flask application started
[2026-08-04 16:31:06] INFO in app: Flask application started
[2026-08-04 16:31:06] INFO in app: Flask application started
[2026-08-04 16:31:06] INFO in app: Flask application started
[2026-08-04 16:31:06] INFO in app: Flask application started
[2026-08-04 16:31:06] INFO in app: Flask application started
[2026-08-04 16:31:06] INFO in app: Flask application started
[2026-08-04 16:31:06] INFO in app: Flask application started
[2026-08-04 16:31:06] INFO in app: Flask application started
[2026-08-04 16:31:06] INFO in app: Flask application started
[2026-08-04 16:31:06] INFO in app: Flask application started
[2026-08-04 16:31:06] INFO in app: Flask application started
[2026-08-04 16:31:06] INFO in app: Flask application started
[2026-08-04 16:35:22] INFO in app: Flask application started
[2026-08-04 16:35:22] INFO in app: Flask application started
[2026-08-04 16:35:22] INFO in app: Flask application started
[2026-08-04 16:35:22] INFO in app: Flask application started
[2026-08-04 16:35:22] INFO in app: Flask application started
[2026-08-04 16:35:22] INFO in app: Flask application started
[2026-08-04 16:35:22] INFO in app: Flask application started
[2026-08-04 16:35:23] INFO in app: Flask application started
[2026-08-04 16:35:23] INFO in app: Flask application started
[2026-08-04 16:35:23] INFO in app: Flask application started
[2026-08-04 16:35:23] INFO in app: Flask application started
[2026-08-04 16:35:23] INFO in app: Flask application started
[2026-08-04 16:35:23] INFO in app: Flask application started
[2026-08-04 16:35:23] INFO in app: Flask application started
[2026-08-04 16:35:23] INFO in app: Flask application started
[2026-08-04 16:35:23] INFO in app: Flask application started
[2026-08-04 16:35:23] INFO in app: Flask application started
[2026-08-04 16:35:23] INFO in app: Flask application started
[2026-08-04 16:35:23] INFO in app: Flask application started
[2026-08-04 16:35:23] INFO in app: Flask application started
[2026-08-04 16:39:33] INFO in app: Flask application started
[2026-08-04 16:39:47] INFO in app: Flask application started
[2026-08-04 16:39:47] INFO in app: Flask application started
[2026-08-04 16:39:47] INFO in app: Flask application started
[2026-08-04 16:39:47] INFO in app: Flask application started
[2026-08-04 16:39:47] INFO in app: Flask application started
[2026-08-04 16:39:47] INFO in app: Flask application started
[2026-08-04 16:39:47] INFO in app: Flask application started
[2026-08-04 16:39:47] INFO in app: Flask application started
[2026-08-04 16:39:47] INFO in app: Flask application started
[2026-08-04 16:39:47] INFO in app: Flask application started
[2026-08-04 16:39:47] INFO in app: Flask application started
[2026-08-04 16:39:47] INFO in app: Flask application started
[2026-08-04 16:39:47] INFO in app: Flask application started
[2026-08-04 16:39:48] INFO in app: Flask application started
[2026-08-04 16:39:48] INFO in app: Flask application started
[2026-08-04 16:39:48] INFO in app: Flask application started
[2026-08-04 16:39:48] INFO in app: Flask application started
[2026-08-04 16:39:48] INFO in app: Flask application started
[2026-08-04 16:39:48] INFO in app: Flask application started
[2026-08-04 16:39:48] INFO in app: Flask application started
[2026-08-04 16:39:48] INFO in app: Flask application started
[2026-08-04 16:55:14] INFO in app: Flask application started
[2026-08-04 16:55:14] INFO in app: Flask application started
[2026-08-04 16:55:14] INFO in app: Flask application started
[2026-08-04 16:55:14] INFO in app: Flask application started
[2026-08-04 16:55:15] INFO in app: Flask application started
[2026-08-04 16:55:15] INFO in app: Flask application started
[2026-08-04 16:55:15] INFO in app: Flask application started
[2026-08-04 16:55:15] INFO in app: Flask application started
[2026-08-04 16:55:15] INFO in app: Flask application started
[2026-08-04 16:55:15] INFO in app: Flask application started
[2026-08-04 16:55:15] INFO in app: Flask application started
[2026-08-04 16:55:15] INFO in app: Flask application started
[2026-08-04 16:55:15] INFO in app: Flask application started
[2026-08-04 16:55:15] INFO in app: Flask application started
[2026-08-04 16:55:15] INFO in app: Flask application started
[2026-08-04 16:55:15] INFO in app: Flask application started
[2026-08-04 16:55:15] INFO in app: Flask application started
[2026-08-04 16:55:15] INFO in app: Flask application started
[2026-08-04 16:55:15] INFO in app: Flask application started
[2026-08-04 16:55:16] INFO in app: Flask application started
[2026-08-04 16:55:16] INFO in app: Flask application started
[2026-08-05 12:08:29] INFO in app: Flask application started
[2026-08-05 12:08:30] INFO in app: Flask application started
[2026-08-05 12:08:30] INFO in app: Flask application started
[2026-08-05 12:08:32] INFO in app: Flask application started
[2026-08-05 12:08:33] INFO in app: Flask application started
[2026-08-05 12:08:33] INFO in app: Flask application started
[2026-08-05 12:08:59] INFO in auth: Login OK: sabir1@sabir1.com (role=admin) from 127.0.0.1
[2026-08-05 12:08:59] INFO in auth: Login OK: sabir1@sabir1.com (role=admin) from 127.0.0.1
[2026-08-05 12:45:30] INFO in app: Flask application started
[2026-08-05 12:45:31] INFO in app: Flask application started
[2026-08-05 12:45:31] INFO in app: Flask application started
[2026-08-06 09:38:37] INFO in app: Flask application started
[2026-08-06 09:38:38] INFO in app: Flask application started
[2026-08-06 09:38:38] INFO in app: Flask application started
[2026-08-06 09:38:41] INFO in app: Flask application started
[2026-08-06 09:38:42] INFO in app: Flask application started
[2026-08-06 09:38:42] INFO in app: Flask application started
[2026-08-06 09:41:21] INFO in app: Flask application started
[2026-08-06 09:41:21] INFO in app: Flask application started
[2026-08-06 09:41:21] INFO in app: Flask application started
[2026-08-06 09:41:23] INFO in app: Flask application started
[2026-08-06 09:41:23] INFO in app: Flask application started
[2026-08-06 09:41:23] INFO in app: Flask application started
[2026-08-06 09:42:03] INFO in app: Flask application started
[2026-08-06 09:42:13] INFO in app: Flask application started
[2026-08-06 09:42:14] INFO in app: Flask application started
[2026-08-06 09:42:14] INFO in app: Flask application started
[2026-08-06 09:42:21] INFO in app: Flask application started
[2026-08-06 09:42:21] INFO in app: Flask application started
[2026-08-06 09:42:21] INFO in app: Flask application started
[2026-08-06 09:42:29] INFO in app: Flask application started
[2026-08-06 09:42:29] INFO in app: Flask application started
[2026-08-06 09:42:29] INFO in app: Flask application started
[2026-08-06 09:42:33] INFO in app: Flask application started
[2026-08-06 09:42:34] INFO in app: Flask application started
[2026-08-06 09:42:34] INFO in app: Flask application started
[2026-08-06 09:42:39] INFO in app: Flask application started
[2026-08-06 09:42:39] INFO in app: Flask application started
[2026-08-06 09:42:39] INFO in app: Flask application started
[2026-08-06 09:42:45] INFO in app: Flask application started
[2026-08-06 09:42:46] INFO in app: Flask application started
[2026-08-06 09:42:46] INFO in app: Flask application started
[2026-08-06 09:45:26] INFO in app: Flask application started
[2026-08-06 09:45:41] INFO in app: Flask application started
[2026-08-06 09:45:41] INFO in app: Flask application started
[2026-08-06 09:45:41] INFO in app: Flask application started
[2026-08-06 09:47:20] INFO in app: Flask application started
[2026-08-06 09:47:48] INFO in app: Flask application started
[2026-08-06 09:48:22] INFO in app: Flask application started
[2026-08-06 09:49:01] INFO in app: Flask application started
[2026-08-06 09:49:01] INFO in app: Flask application started
[2026-08-06 09:49:01] INFO in app: Flask application started
[2026-08-06 09:49:03] INFO in app: Flask application started
[2026-08-06 09:49:03] INFO in app: Flask application started
[2026-08-06 09:49:03] INFO in app: Flask application started
[2026-08-06 09:49:31] INFO in auth: Login OK: sabir1@sabir1.com (role=admin) from 127.0.0.1
[2026-08-06 09:49:31] INFO in auth: Login OK: sabir1@sabir1.com (role=admin) from 127.0.0.1
[2026-08-06 09:58:48] INFO in app: Flask application started
[2026-08-06 09:58:49] INFO in app: Flask application started
[2026-08-06 09:58:49] INFO in app: Flask application started
[2026-08-06 09:58:57] INFO in app: Flask application started
[2026-08-06 09:58:58] INFO in app: Flask application started
[2026-08-06 09:58:58] INFO in app: Flask application started
[2026-08-06 09:59:51] INFO in app: Flask application started
[2026-08-06 10:45:37] INFO in app: Flask application started
[2026-08-06 10:45:38] INFO in app: Flask application started
[2026-08-06 10:45:38] INFO in app: Flask application started
[2026-08-06 10:48:46] INFO in app: Flask application started
[2026-08-06 10:48:47] INFO in app: Flask application started
[2026-08-06 10:48:47] INFO in app: Flask application started
[2026-08-06 10:53:24] INFO in app: Flask application started
[2026-08-06 10:53:34] INFO in app: Flask application started
[2026-08-06 10:57:17] INFO in app: Flask application started
[2026-08-06 11:07:24] INFO in app: Flask application started
[2026-08-06 11:07:25] INFO in app: Flask application started
[2026-08-06 11:07:25] INFO in app: Flask application started
[2026-08-06 11:07:31] INFO in app: Flask application started
[2026-08-06 11:07:31] INFO in app: Flask application started
[2026-08-06 11:07:31] INFO in app: Flask application started
[2026-08-06 11:07:45] INFO in app: Flask application started
[2026-08-06 11:07:57] INFO in app: Flask application started
[2026-08-06 11:08:08] INFO in app: Flask application started
[2026-08-06 11:08:31] INFO in app: Bad request (400): 400 Bad Request: The CSRF token is missing.
[2026-08-06 11:08:31] INFO in app: Bad request (400): 400 Bad Request: The CSRF token is missing.
[2026-08-06 11:08:48] INFO in app: Bad request (400): 400 Bad Request: The CSRF token is missing.
[2026-08-06 11:08:48] INFO in app: Bad request (400): 400 Bad Request: The CSRF token is missing.
[2026-08-06 11:09:05] INFO in app: Bad request (400): 400 Bad Request: The CSRF token is missing.
[2026-08-06 11:09:05] INFO in app: Bad request (400): 400 Bad Request: The CSRF token is missing.
[2026-08-06 11:09:20] INFO in app: Flask application started
[2026-08-06 11:10:08] INFO in app: Flask application started
[2026-08-06 11:10:08] INFO in app: Flask application started
[2026-08-06 11:10:08] INFO in app: Flask application started
[2026-08-06 11:10:10] INFO in app: Flask application started
[2026-08-06 11:10:11] INFO in app: Flask application started
[2026-08-06 11:10:11] INFO in app: Flask application started
[2026-08-06 11:10:22] INFO in app: Bad request (400): 400 Bad Request: The CSRF token is missing.
[2026-08-06 11:10:22] INFO in app: Bad request (400): 400 Bad Request: The CSRF token is missing.
[2026-08-06 11:10:50] INFO in app: Flask application started
[2026-08-06 11:10:50] INFO in app: Bad request (400): 400 Bad Request: The CSRF token is missing.
[2026-08-06 11:11:08] INFO in app: Flask application started
[2026-08-06 11:11:08] INFO in app: Bad request (400): 400 Bad Request: The CSRF token is missing.
[2026-08-06 11:11:17] INFO in app: Flask application started
[2026-08-06 11:11:50] INFO in app: Flask application started
[2026-08-06 11:11:58] INFO in app: Flask application started
[2026-08-06 11:12:06] INFO in app: Flask application started
[2026-08-06 11:12:18] INFO in app: Bad request (400): 400 Bad Request: The CSRF token is missing.
[2026-08-06 11:12:18] INFO in app: Bad request (400): 400 Bad Request: The CSRF token is missing.
[2026-08-06 11:12:30] INFO in app: Flask application started
[2026-08-06 11:13:21] INFO in app: Flask application started
[2026-08-06 11:13:31] INFO in app: Flask application started
[2026-08-06 11:13:41] INFO in app: Flask application started
[2026-08-06 11:16:50] INFO in app: Flask application started
[2026-08-06 11:17:13] INFO in app: Flask application started
[2026-08-06 11:17:21] INFO in app: Flask application started
[2026-08-06 11:17:34] INFO in app: Flask application started
[2026-08-06 11:23:28] INFO in auth: Login OK: sabir1@sabir1.com (role=admin) from 127.0.0.1
[2026-08-06 11:23:28] INFO in auth: Login OK: sabir1@sabir1.com (role=admin) from 127.0.0.1
[2026-08-06 11:23:42] INFO in app: Flask application started
[2026-08-06 11:24:30] INFO in app: Flask application started
[2026-08-06 11:24:37] INFO in app: Flask application started
[2026-08-06 11:24:49] INFO in app: Flask application started
[2026-08-06 11:38:11] INFO in app: Flask application started
[2026-08-06 11:38:12] INFO in app: Flask application started
[2026-08-06 11:38:12] INFO in app: Flask application started
[2026-08-06 11:38:20] INFO in app: Flask application started
[2026-08-06 11:38:21] INFO in app: Flask application started
[2026-08-06 11:38:21] INFO in app: Flask application started
[2026-08-06 11:38:35] INFO in app: Flask application started
[2026-08-06 11:38:35] INFO in app: Flask application started
[2026-08-06 11:38:35] INFO in app: Flask application started
[2026-08-06 11:38:37] INFO in app: Flask application started
[2026-08-06 11:38:37] INFO in app: Flask application started
[2026-08-06 11:38:37] INFO in app: Flask application started
[2026-08-06 11:38:46] INFO in app: Flask application started
[2026-08-06 11:39:21] INFO in app: Flask application started
[2026-08-06 12:27:22] INFO in app: Flask application started
[2026-08-06 12:27:41] INFO in app: Flask application started
[2026-08-06 12:27:59] INFO in app: Flask application started
[2026-08-06 12:30:20] INFO in app: Flask application started
[2026-08-06 12:30:45] INFO in app: Flask application started
[2026-08-06 12:31:03] INFO in app: Flask application started
[2026-08-06 12:31:18] INFO in app: Flask application started
[2026-08-06 12:31:37] INFO in app: Flask application started
[2026-08-06 12:31:58] INFO in app: Flask application started
[2026-08-06 12:35:54] INFO in app: Flask application started
[2026-08-06 12:57:49] INFO in app: Flask application started
[2026-08-06 13:01:00] INFO in app: Flask application started
[2026-08-06 13:01:37] INFO in app: Flask application started
[2026-08-06 13:01:56] INFO in app: Flask application started
[2026-08-06 13:06:18] INFO in app: Flask application started
[2026-08-06 13:09:52] INFO in app: Flask application started
[2026-08-06 13:10:06] INFO in app: Flask application started
[2026-08-06 13:16:51] INFO in app: Flask application started
[2026-08-06 13:17:07] INFO in app: Flask application started
[2026-08-06 13:23:52] INFO in app: Flask application started
[2026-08-06 13:24:14] INFO in app: Flask application started
[2026-08-06 13:24:24] INFO in app: Flask application started
[2026-08-06 13:24:39] INFO in app: Flask application started
[2026-08-06 13:26:27] INFO in app: Flask application started
[2026-08-06 13:27:26] INFO in app: Flask application started
[2026-08-06 13:27:55] INFO in app: Flask application started
[2026-08-06 13:28:14] INFO in app: Flask application started
[2026-08-06 13:39:55] INFO in app: Flask application started
[2026-08-06 13:43:52] INFO in app: Flask application started
[2026-08-06 13:44:12] INFO in app: Flask application started
[2026-08-06 13:44:30] INFO in app: Flask application started
[2026-08-06 13:45:44] INFO in app: Flask application started
[2026-08-06 13:47:27] INFO in app: Flask application started
[2026-08-06 13:47:50] INFO in app: Flask application started
[2026-08-06 13:50:12] INFO in app: Flask application started
[2026-08-06 15:14:45] INFO in app: Flask application started
[2026-08-06 15:14:45] INFO in app: Flask application started
[2026-08-06 15:14:45] INFO in app: Flask application started
[2026-08-06 15:14:49] INFO in app: Flask application started
[2026-08-06 15:14:49] INFO in app: Flask application started
[2026-08-06 15:14:49] INFO in app: Flask application started
[2026-08-06 15:21:38] INFO in app: Flask application started
[2026-08-06 15:21:54] INFO in app: Flask application started
[2026-08-06 15:22:18] INFO in app: Flask application started
[2026-08-06 15:59:41] INFO in app: Posting refused: Purchase #3 is posted to the general ledger and can no longer be changed. Reverse it instead.
[2026-08-06 15:59:41] INFO in app: Posting refused: Purchase #3 is posted to the general ledger and can no longer be changed. Reverse it instead.
[2026-08-06 15:59:59] INFO in app: Posting refused: Purchase #3 is posted to the general ledger and can no longer be changed. Reverse it instead.
[2026-08-06 15:59:59] INFO in app: Posting refused: Purchase #3 is posted to the general ledger and can no longer be changed. Reverse it instead.
[2026-08-06 16:00:49] INFO in app: Flask application started
[2026-08-06 16:00:49] INFO in app: Flask application started
[2026-08-06 16:00:49] INFO in app: Flask application started
[2026-08-06 16:00:52] INFO in app: Flask application started
[2026-08-06 16:00:52] INFO in app: Flask application started
[2026-08-06 16:00:52] INFO in app: Flask application started
[2026-08-06 16:00:55] INFO in app: Posting refused: Purchase #3 is posted to the general ledger and can no longer be changed. Reverse it instead.
[2026-08-06 16:00:55] INFO in app: Posting refused: Purchase #3 is posted to the general ledger and can no longer be changed. Reverse it instead.
[2026-08-06 16:02:48] INFO in app: Posting refused: Aspirin 500mg carries 0 of value, so 540.0000 cannot be taken out of it. The cost of these goods has already been absorbed into stock that was sold. Raise a return instead of reversing.
[2026-08-06 16:02:48] INFO in app: Posting refused: Aspirin 500mg carries 0 of value, so 540.0000 cannot be taken out of it. The cost of these goods has already been absorbed into stock that was sold. Raise a return instead of reversing.
[2026-08-06 16:03:16] INFO in app: Posting refused: Aspirin 500mg carries 0 of value, so 540.0000 cannot be taken out of it. The cost of these goods has already been absorbed into stock that was sold. Raise a return instead of reversing.
[2026-08-06 16:03:16] INFO in app: Posting refused: Aspirin 500mg carries 0 of value, so 540.0000 cannot be taken out of it. The cost of these goods has already been absorbed into stock that was sold. Raise a return instead of reversing.
[2026-08-06 16:03:46] INFO in app: Posting refused: Purchase #3 is posted to the general ledger and can no longer be changed. Reverse it instead.
[2026-08-06 16:03:46] INFO in app: Posting refused: Purchase #3 is posted to the general ledger and can no longer be changed. Reverse it instead.
[2026-08-06 16:04:28] INFO in app: Posting refused: Ibuprofen 200mg carries 0 of value, so 1125.0000 cannot be taken out of it. The cost of these goods has already been absorbed into stock that was sold. Raise a return instead of reversing.
[2026-08-06 16:04:28] INFO in app: Posting refused: Ibuprofen 200mg carries 0 of value, so 1125.0000 cannot be taken out of it. The cost of these goods has already been absorbed into stock that was sold. Raise a return instead of reversing.
[2026-08-06 16:07:47] INFO in app: Posting refused: Purchase #3 is posted to the general ledger and can no longer be changed. Reverse it instead.
[2026-08-06 16:07:47] INFO in app: Posting refused: Purchase #3 is posted to the general ledger and can no longer be changed. Reverse it instead.
[2026-08-06 16:13:13] INFO in app: Flask application started
[2026-08-06 16:13:14] INFO in app: Flask application started
[2026-08-06 16:13:14] INFO in app: Flask application started
[2026-08-06 16:13:23] INFO in app: Flask application started
[2026-08-06 16:13:25] INFO in app: Flask application started
[2026-08-06 16:13:25] INFO in app: Flask application started
[2026-08-06 16:13:55] INFO in app: Flask application started
[2026-08-06 16:13:55] INFO in app: Flask application started
[2026-08-06 16:13:55] INFO in app: Flask application started
[2026-08-06 16:14:04] INFO in app: Flask application started
[2026-08-06 16:14:04] INFO in app: Flask application started
[2026-08-06 16:14:04] INFO in app: Flask application started
[2026-08-06 16:14:12] INFO in app: Flask application started
[2026-08-06 16:14:12] INFO in app: Flask application started
[2026-08-06 16:14:12] INFO in app: Flask application started
[2026-08-06 16:14:21] INFO in app: Flask application started
[2026-08-06 16:14:32] INFO in app: Flask application started
[2026-08-06 16:17:59] INFO in app: Flask application started
[2026-08-06 16:26:29] INFO in app: Flask application started
[2026-08-06 16:26:29] INFO in app: Flask application started
[2026-08-06 16:26:29] INFO in app: Flask application started
[2026-08-06 16:26:31] INFO in app: Flask application started
[2026-08-06 16:26:32] INFO in app: Flask application started
[2026-08-06 16:26:32] INFO in app: Flask application started
[2026-08-06 16:28:42] INFO in app: Flask application started
[2026-08-06 16:29:34] INFO in app: Flask application started
[2026-08-06 16:29:34] INFO in app: Flask application started
[2026-08-06 16:29:34] INFO in app: Flask application started
[2026-08-06 16:29:36] INFO in app: Flask application started
[2026-08-06 16:29:37] INFO in app: Flask application started
[2026-08-06 16:29:37] INFO in app: Flask application started
[2026-08-06 16:30:19] INFO in app: Flask application started
[2026-08-06 16:30:31] INFO in app: Flask application started
[2026-08-06 16:30:58] INFO in app: Flask application started
[2026-08-06 16:31:34] INFO in app: Flask application started
[2026-08-06 16:31:45] INFO in app: Flask application started
[2026-08-06 16:35:54] INFO in app: Flask application started
[2026-08-06 16:35:55] INFO in app: Flask application started
[2026-08-06 16:35:55] INFO in app: Flask application started
[2026-08-06 16:35:57] INFO in app: Flask application started
[2026-08-06 16:35:57] INFO in app: Flask application started
[2026-08-06 16:35:57] INFO in app: Flask application started
[2026-08-06 16:36:17] INFO in auth: Login OK: sabir1@sabir1.com (role=admin) from 127.0.0.1
[2026-08-06 16:36:17] INFO in auth: Login OK: sabir1@sabir1.com (role=admin) from 127.0.0.1
[2026-08-06 16:42:05] INFO in app: Flask application started
[2026-08-06 16:42:29] INFO in app: Flask application started
[2026-08-06 16:43:28] INFO in app: Flask application started
[2026-08-06 16:44:54] INFO in app: Flask application started
[2026-08-06 16:44:54] INFO in app: Flask application started
[2026-08-06 16:44:54] INFO in app: Flask application started
[2026-08-06 16:44:57] INFO in app: Flask application started
[2026-08-06 16:44:58] INFO in app: Flask application started
[2026-08-06 16:44:58] INFO in app: Flask application started
[2026-08-06 16:46:58] INFO in app: Flask application started
[2026-08-06 16:46:59] INFO in app: Flask application started
[2026-08-06 16:46:59] INFO in app: Flask application started
[2026-08-06 16:47:01] INFO in app: Flask application started
[2026-08-06 16:47:01] INFO in app: Flask application started
[2026-08-06 16:47:01] INFO in app: Flask application started
[2026-08-06 16:49:29] INFO in app: Flask application started
[2026-08-06 16:51:33] INFO in app: Flask application started
[2026-08-06 16:51:33] INFO in app: Flask application started
[2026-08-06 16:51:33] INFO in app: Flask application started
[2026-08-06 16:51:35] INFO in app: Flask application started
[2026-08-06 16:51:35] INFO in app: Flask application started
[2026-08-06 16:51:35] INFO in app: Flask application started
[2026-08-06 16:53:30] INFO in app: Flask application started
[2026-08-06 16:53:30] INFO in app: Flask application started
[2026-08-06 16:53:30] INFO in app: Flask application started
[2026-08-06 16:53:32] INFO in app: Flask application started
[2026-08-06 16:53:32] INFO in app: Flask application started
[2026-08-06 16:53:32] INFO in app: Flask application started
[2026-08-06 16:55:35] INFO in app: Flask application started
[2026-08-06 16:55:35] INFO in app: Flask application started
[2026-08-06 16:55:35] INFO in app: Flask application started
[2026-08-06 16:56:26] INFO in app: Flask application started
[2026-08-06 16:59:28] INFO in app: Flask application started
[2026-08-06 16:59:29] INFO in app: Flask application started
[2026-08-06 16:59:29] INFO in app: Flask application started
[2026-08-06 16:59:30] INFO in app: Flask application started
[2026-08-06 16:59:31] INFO in app: Flask application started
[2026-08-06 16:59:31] INFO in app: Flask application started
[2026-08-06 17:01:12] INFO in app: Flask application started
[2026-08-06 17:02:46] INFO in app: Flask application started
[2026-08-06 17:02:46] INFO in app: Flask application started
[2026-08-06 17:02:46] INFO in app: Flask application started
[2026-08-06 17:02:48] INFO in app: Flask application started
[2026-08-06 17:02:48] INFO in app: Flask application started
[2026-08-06 17:02:48] INFO in app: Flask application started
[2026-08-06 17:03:59] INFO in app: Flask application started
[2026-08-06 17:04:12] INFO in app: Flask application started
[2026-08-06 17:04:21] INFO in app: Flask application started
[2026-08-06 17:05:56] INFO in app: Flask application started
[2026-08-06 17:10:42] INFO in app: Flask application started
[2026-08-06 17:10:43] INFO in app: Flask application started
[2026-08-06 17:10:43] INFO in app: Flask application started
[2026-08-06 17:10:45] INFO in app: Flask application started
[2026-08-06 17:10:46] INFO in app: Flask application started
[2026-08-06 17:10:46] INFO in app: Flask application started
[2026-08-06 17:11:29] INFO in auth: Login OK: sabir1@sabir1.com (role=admin) from 127.0.0.1
[2026-08-06 17:11:29] INFO in auth: Login OK: sabir1@sabir1.com (role=admin) from 127.0.0.1
[2026-08-06 17:33:23] INFO in app: Flask application started
[2026-08-06 17:33:34] INFO in app: Flask application started
[2026-08-07 09:20:09] INFO in app: Flask application started
[2026-08-07 09:20:09] INFO in app: Flask application started
[2026-08-07 09:20:09] INFO in app: Flask application started
[2026-08-07 09:20:17] INFO in app: Flask application started
[2026-08-07 09:20:17] INFO in app: Flask application started
[2026-08-07 09:20:17] INFO in app: Flask application started
[2026-08-07 10:26:27] INFO in app: Flask application started
[2026-08-07 10:26:27] INFO in app: Flask application started
[2026-08-07 10:26:27] INFO in app: Flask application started
[2026-08-07 10:26:30] INFO in app: Flask application started
[2026-08-07 10:26:30] INFO in app: Flask application started
[2026-08-07 10:26:30] INFO in app: Flask application started
[2026-08-07 10:27:17] INFO in app: Flask application started
[2026-08-07 10:27:28] INFO in app: Flask application started
[2026-08-07 10:27:38] INFO in app: Flask application started
[2026-08-07 10:34:41] INFO in app: Flask application started
[2026-08-07 10:35:51] INFO in app: Flask application started
[2026-08-07 10:36:10] INFO in app: Flask application started
[2026-08-07 10:36:18] INFO in app: Flask application started
[2026-08-07 10:37:02] INFO in app: Flask application started
[2026-08-07 10:37:58] INFO in app: Flask application started
[2026-08-07 10:38:17] INFO in app: Flask application started
[2026-08-07 10:38:29] INFO in app: Flask application started
[2026-08-07 10:38:44] INFO in app: Flask application started
[2026-08-07 10:39:07] INFO in app: Flask application started
[2026-08-07 10:46:44] INFO in app: Flask application started
[2026-08-07 10:46:57] INFO in app: Flask application started
[2026-08-07 10:51:43] INFO in app: Flask application started
[2026-08-07 11:00:08] INFO in app: Flask application started
[2026-08-07 11:00:17] INFO in app: Flask application started
[2026-08-07 11:00:43] INFO in app: Flask application started
[2026-08-07 11:00:51] INFO in app: Flask application started
[2026-08-07 11:01:14] INFO in app: Flask application started
[2026-08-07 11:04:35] INFO in app: Flask application started
[2026-08-07 11:20:30] INFO in app: Flask application started
[2026-08-07 11:20:42] INFO in app: Flask application started
[2026-08-07 11:21:11] INFO in app: Flask application started
[2026-08-07 11:21:34] INFO in app: Flask application started
[2026-08-07 11:21:54] INFO in app: Flask application started
[2026-08-07 11:22:18] INFO in app: Flask application started
[2026-08-07 11:29:08] INFO in app: Flask application started
[2026-08-07 11:29:21] INFO in app: Flask application started
[2026-08-07 11:29:21] INFO in app: Flask application started
[2026-08-07 11:29:21] INFO in app: Flask application started
[2026-08-07 11:29:51] INFO in app: Flask application started
[2026-08-07 11:29:51] INFO in app: Flask application started
[2026-08-07 11:29:51] INFO in app: Flask application started
[2026-08-07 11:29:58] INFO in app: Flask application started
[2026-08-07 11:29:59] INFO in app: Flask application started
[2026-08-07 11:29:59] INFO in app: Flask application started
[2026-08-07 11:30:16] INFO in app: Flask application started
[2026-08-07 11:30:47] INFO in app: Flask application started
[2026-08-07 11:31:40] INFO in app: Flask application started
[2026-08-07 11:31:56] INFO in app: Flask application started
[2026-08-07 11:34:53] INFO in app: Flask application started
[2026-08-07 11:35:20] INFO in app: Flask application started
[2026-08-07 11:35:47] INFO in app: Flask application started
[2026-08-07 11:36:11] INFO in app: Flask application started
[2026-08-07 11:36:25] INFO in app: Flask application started
[2026-08-07 11:36:26] INFO in app: Flask application started
[2026-08-07 11:36:26] INFO in app: Flask application started
[2026-08-07 11:36:36] INFO in app: Flask application started
[2026-08-07 11:36:37] INFO in app: Flask application started
[2026-08-07 11:36:37] INFO in app: Flask application started
[2026-08-07 11:36:43] INFO in app: Flask application started
[2026-08-07 11:36:44] INFO in app: Flask application started
[2026-08-07 11:36:44] INFO in app: Flask application started
[2026-08-07 11:37:03] INFO in app: Flask application started
[2026-08-07 11:37:27] INFO in app: Flask application started
[2026-08-07 11:37:52] INFO in app: Flask application started
[2026-08-07 11:45:11] INFO in app: Flask application started
[2026-08-07 11:45:26] INFO in app: Flask application started
[2026-08-07 11:45:26] INFO in app: Flask application started
[2026-08-07 11:45:26] INFO in app: Flask application started
[2026-08-07 11:45:36] INFO in app: Flask application started
[2026-08-07 11:45:36] INFO in app: Flask application started
[2026-08-07 11:45:36] INFO in app: Flask application started
[2026-08-07 11:45:44] INFO in app: Flask application started
[2026-08-07 11:45:44] INFO in app: Flask application started
[2026-08-07 11:45:44] INFO in app: Flask application started
[2026-08-07 11:46:09] INFO in app: Flask application started
[2026-08-07 11:46:47] INFO in app: Flask application started
[2026-08-07 11:47:26] INFO in app: Flask application started
[2026-08-07 11:50:57] INFO in app: Flask application started
[2026-08-07 11:52:14] INFO in app: Flask application started
[2026-08-07 11:52:30] INFO in app: Flask application started
[2026-08-07 11:52:30] INFO in app: Flask application started
[2026-08-07 11:52:30] INFO in app: Flask application started
[2026-08-07 11:52:38] INFO in app: Flask application started
[2026-08-07 11:52:38] INFO in app: Flask application started
[2026-08-07 11:52:38] INFO in app: Flask application started
[2026-08-07 11:52:52] INFO in app: Flask application started
[2026-08-07 11:52:52] INFO in app: Flask application started
[2026-08-07 11:52:52] INFO in app: Flask application started
[2026-08-07 11:53:02] INFO in app: Flask application started
[2026-08-07 11:53:34] INFO in app: Flask application started
[2026-08-07 11:56:46] INFO in app: Flask application started
[2026-08-07 11:56:58] INFO in app: Flask application started
[2026-08-07 11:57:23] INFO in app: Flask application started
[2026-08-07 11:57:36] INFO in app: Flask application started
[2026-08-07 11:58:01] INFO in app: Flask application started
[2026-08-07 11:58:26] INFO in app: Flask application started
[2026-08-07 11:58:39] INFO in app: Flask application started
[2026-08-07 12:01:15] INFO in app: Flask application started
[2026-08-07 12:01:39] INFO in app: Flask application started
[2026-08-07 12:02:15] INFO in app: Flask application started
[2026-08-07 12:02:36] INFO in app: Flask application started
[2026-08-07 12:02:55] INFO in app: Flask application started
[2026-08-07 12:03:14] INFO in app: Flask application started
[2026-08-07 12:03:38] INFO in app: Flask application started
[2026-08-07 12:04:03] INFO in app: Flask application started
[2026-08-07 12:04:27] INFO in app: Flask application started
[2026-08-07 12:04:58] INFO in app: Flask application started
[2026-08-07 12:05:47] INFO in app: Flask application started
[2026-08-07 12:06:11] INFO in app: Flask application started
[2026-08-07 12:06:36] INFO in app: Flask application started
[2026-08-07 12:06:50] INFO in app: Flask application started
[2026-08-07 12:07:15] INFO in app: Flask application started
[2026-08-07 12:07:56] INFO in app: Flask application started
[2026-08-07 12:08:16] INFO in app: Flask application started
[2026-08-07 12:08:28] INFO in app: Flask application started
[2026-08-07 12:08:40] INFO in app: Flask application started
[2026-08-07 12:09:08] INFO in app: Flask application started
[2026-08-07 12:28:27] INFO in app: Flask application started
[2026-08-07 12:28:46] INFO in app: Flask application started
[2026-08-07 12:29:21] INFO in app: Flask application started
[2026-08-07 12:29:36] INFO in app: Flask application started
[2026-08-07 12:30:08] INFO in app: Flask application started
[2026-08-07 12:30:39] INFO in app: Flask application started
[2026-08-07 12:30:58] INFO in app: Flask application started
[2026-08-07 12:31:14] INFO in app: Flask application started
[2026-08-07 12:31:25] INFO in app: Flask application started
[2026-08-07 12:31:38] INFO in app: Flask application started
[2026-08-07 12:31:48] INFO in app: Flask application started
[2026-08-07 12:32:02] INFO in app: Flask application started
[2026-08-07 12:32:13] INFO in app: Flask application started
[2026-08-07 12:32:25] INFO in app: Flask application started
[2026-08-07 12:32:43] INFO in app: Flask application started
[2026-08-07 12:32:56] INFO in app: Flask application started
[2026-08-07 12:33:16] INFO in app: Flask application started
[2026-08-07 12:33:30] INFO in app: Flask application started
[2026-08-07 12:33:56] INFO in app: Flask application started
[2026-08-07 12:59:55] INFO in app: Flask application started
[2026-08-07 13:23:10] INFO in app: Flask application started
[2026-08-07 13:23:21] INFO in app: Flask application started
[2026-08-07 15:54:47] INFO in app: Flask application started
[2026-08-07 15:54:48] INFO in app: Flask application started
[2026-08-07 15:54:48] INFO in app: Flask application started
[2026-08-07 15:54:51] INFO in app: Flask application started
[2026-08-07 15:54:52] INFO in app: Flask application started
[2026-08-07 15:54:52] INFO in app: Flask application started
[2026-08-07 15:55:41] INFO in app: Flask application started
[2026-08-07 15:55:57] INFO in app: Flask application started
[2026-08-07 15:56:14] INFO in app: Flask application started
[2026-08-07 16:04:16] INFO in app: Flask application started
[2026-08-07 16:10:36] INFO in app: Flask application started
[2026-08-07 16:12:14] INFO in app: Flask application started
[2026-08-07 16:12:37] INFO in app: Flask application started
[2026-08-07 16:12:46] INFO in app: Flask application started
[2026-08-07 16:12:55] INFO in app: Flask application started
[2026-08-07 16:13:09] INFO in app: Flask application started
[2026-08-07 16:13:17] INFO in app: Flask application started
[2026-08-07 16:13:47] INFO in app: Flask application started
[2026-08-07 16:13:47] INFO in app: Flask application started
[2026-08-07 16:13:47] INFO in app: Flask application started
[2026-08-07 16:14:26] INFO in app: Flask application started
[2026-08-07 16:14:49] INFO in app: Flask application started
[2026-08-07 16:15:19] INFO in app: Flask application started
[2026-08-07 16:16:06] INFO in app: Flask application started
[2026-08-07 16:16:32] INFO in app: Flask application started
[2026-08-07 16:17:19] INFO in app: Flask application started
[2026-08-07 16:17:29] INFO in app: Flask application started
[2026-08-07 16:17:41] INFO in app: Flask application started
[2026-08-07 16:17:41] INFO in app: Flask application started
[2026-08-07 16:17:41] INFO in app: Flask application started
[2026-08-07 16:17:43] INFO in app: Flask application started
[2026-08-07 16:17:44] INFO in app: Flask application started
[2026-08-07 16:17:44] INFO in app: Flask application started
[2026-08-07 16:26:11] INFO in app: Flask application started
[2026-08-07 16:26:12] INFO in app: Flask application started
[2026-08-07 16:26:12] INFO in app: Flask application started
[2026-08-07 16:26:49] INFO in app: Flask application started
[2026-08-07 16:26:50] INFO in app: Flask application started
[2026-08-07 16:26:50] INFO in app: Flask application started
[2026-08-07 16:26:54] INFO in app: Flask application started
[2026-08-07 16:26:54] INFO in app: Flask application started
[2026-08-07 16:26:54] INFO in app: Flask application started
[2026-08-07 16:27:58] INFO in app: Flask application started
[2026-08-07 16:29:52] INFO in app: Flask application started
[2026-08-07 16:30:01] INFO in app: Flask application started
[2026-08-07 16:30:50] INFO in app: Flask application started
[2026-08-07 16:31:09] INFO in app: Flask application started
[2026-08-07 16:31:41] INFO in app: Flask application started
[2026-08-07 16:31:54] INFO in app: Flask application started
[2026-08-07 16:46:45] INFO in app: Flask application started
[2026-08-07 16:47:10] INFO in app: Flask application started
[2026-08-07 16:54:28] INFO in app: Flask application started
[2026-08-07 16:55:40] INFO in app: Flask application started
[2026-08-07 16:57:54] INFO in app: Flask application started
[2026-08-07 16:57:54] INFO in app: Flask application started
[2026-08-07 16:57:54] INFO in app: Flask application started
[2026-08-07 16:59:27] INFO in app: Flask application started
[2026-08-07 16:59:28] INFO in app: Flask application started
[2026-08-07 16:59:28] INFO in app: Flask application started
[2026-08-07 17:00:49] INFO in app: Flask application started
[2026-08-07 17:00:49] INFO in app: Flask application started
[2026-08-07 17:00:49] INFO in app: Flask application started
[2026-08-07 17:00:51] INFO in app: Flask application started
[2026-08-07 17:00:51] INFO in app: Flask application started
[2026-08-07 17:00:51] INFO in app: Flask application started
[2026-08-07 17:01:37] INFO in app: Flask application started
[2026-08-07 17:02:51] INFO in app: Flask application started
[2026-08-07 17:03:05] INFO in app: Flask application started
[2026-08-07 17:06:18] INFO in app: Flask application started
[2026-08-07 17:06:27] INFO in app: Flask application started
[2026-08-07 17:07:13] INFO in app: Flask application started
[2026-08-07 17:07:23] INFO in app: Flask application started
[2026-08-07 17:08:50] INFO in app: Flask application started
[2026-08-07 17:09:01] INFO in app: Flask application started
[2026-08-07 17:25:55] INFO in app: Flask application started
[2026-08-07 17:28:32] INFO in app: Flask application started
[2026-08-07 17:30:48] INFO in app: Flask application started
[2026-08-07 17:33:49] INFO in app: Flask application started
[2026-08-07 17:34:51] INFO in app: Flask application started
[2026-08-07 17:34:59] INFO in app: Flask application started
[2026-08-07 17:36:08] INFO in app: Flask application started
[2026-08-07 17:36:17] INFO in app: Flask application started
[2026-08-07 17:54:21] INFO in app: Flask application started
[2026-08-07 17:54:32] INFO in app: Flask application started
[2026-08-07 17:54:54] INFO in app: Flask application started
[2026-08-07 17:54:54] INFO in app: Flask application started
[2026-08-07 17:54:55] INFO in app: Flask application started
[2026-08-07 17:54:55] INFO in app: Flask application started
[2026-08-07 17:54:55] INFO in app: Flask application started
[2026-08-07 17:54:55] INFO in app: Flask application started
[2026-08-07 17:55:02] INFO in app: Flask application started
[2026-08-07 17:55:47] INFO in app: Flask application started
[2026-08-07 18:02:51] INFO in app: Flask application started
[2026-08-07 18:03:03] INFO in app: Flask application started
[2026-08-07 18:09:10] INFO in app: Flask application started
[2026-08-07 18:09:11] INFO in app: Flask application started
[2026-08-07 18:09:11] INFO in app: Flask application started
[2026-08-07 18:09:13] INFO in app: Flask application started
[2026-08-07 18:09:13] INFO in app: Flask application started
[2026-08-07 18:09:13] INFO in app: Flask application started
[2026-08-07 18:09:56] INFO in app: Flask application started
[2026-08-07 18:10:17] INFO in app: Flask application started
[2026-08-07 18:10:36] INFO in app: Flask application started
[2026-08-07 18:10:44] INFO in app: Flask application started
[2026-08-07 18:13:03] INFO in app: Flask application started
[2026-08-07 18:13:22] INFO in app: Flask application started
[2026-08-07 18:13:38] INFO in app: Flask application started
[2026-08-07 18:15:08] INFO in app: Flask application started
[2026-08-07 18:15:43] INFO in app: Flask application started
[2026-08-07 18:16:06] INFO in app: Flask application started
[2026-08-07 18:16:22] INFO in app: Flask application started
[2026-08-07 18:16:49] INFO in app: Flask application started
[2026-08-07 18:17:10] INFO in app: Flask application started
[2026-08-07 18:17:31] INFO in app: Flask application started
[2026-08-07 18:32:52] INFO in app: Flask application started
[2026-08-07 18:33:23] INFO in app: Flask application started
[2026-08-07 18:33:55] INFO in app: Flask application started
[2026-08-07 18:34:14] INFO in app: Flask application started
[2026-08-07 18:34:26] INFO in app: Flask application started
[2026-08-07 18:34:56] INFO in app: Flask application started
[2026-08-07 18:35:17] INFO in app: Flask application started
[2026-08-07 18:35:36] INFO in app: Flask application started
[2026-08-07 18:35:53] INFO in app: Flask application started
[2026-08-07 18:36:18] INFO in app: Flask application started
[2026-08-07 18:36:37] INFO in app: Flask application started
[2026-08-07 18:37:05] INFO in app: Flask application started
[2026-08-07 18:37:25] INFO in app: Flask application started
[2026-08-07 18:37:45] INFO in app: Flask application started
[2026-08-07 18:38:07] INFO in app: Flask application started
[2026-08-07 18:38:24] INFO in app: Flask application started
[2026-08-07 18:38:44] INFO in app: Flask application started
[2026-08-07 18:38:59] INFO in app: Flask application started
[2026-08-07 18:39:18] INFO in app: Flask application started
[2026-08-07 18:39:35] INFO in app: Flask application started
[2026-08-07 18:39:52] INFO in app: Flask application started
[2026-08-07 18:40:13] INFO in app: Flask application started
[2026-08-07 18:40:33] INFO in app: Flask application started
[2026-08-07 18:48:42] INFO in app: Flask application started
[2026-08-07 18:48:50] INFO in app: Flask application started
[2026-08-07 18:49:15] INFO in app: Flask application started
[2026-08-07 18:49:24] INFO in app: Flask application started
[2026-08-07 18:49:54] INFO in app: Flask application started
[2026-08-07 18:50:44] INFO in app: Flask application started
[2026-08-07 18:51:05] INFO in app: Flask application started
[2026-08-07 18:51:25] INFO in app: Flask application started
[2026-08-07 18:51:58] INFO in app: Flask application started
[2026-08-07 18:55:15] INFO in app: Flask application started
[2026-08-07 18:56:25] INFO in app: Flask application started
[2026-08-07 18:56:51] INFO in app: Flask application started
[2026-08-07 18:57:10] INFO in app: Flask application started
[2026-08-07 18:57:50] INFO in app: Flask application started
[2026-08-07 18:58:15] INFO in app: Flask application started
[2026-08-07 18:58:43] INFO in app: Flask application started
[2026-08-07 19:03:53] INFO in app: Flask application started
[2026-08-07 19:04:10] INFO in app: Flask application started
[2026-08-07 19:04:26] INFO in app: Flask application started
[2026-08-07 19:04:48] INFO in app: Flask application started
[2026-08-07 19:06:39] INFO in app: Flask application started
[2026-08-07 19:06:50] INFO in app: Flask application started
[2026-08-07 19:07:00] INFO in app: Flask application started
[2026-08-07 19:08:15] INFO in app: Flask application started
[2026-08-07 19:08:44] INFO in app: Flask application started
[2026-08-07 19:08:59] INFO in app: Flask application started
[2026-08-07 19:09:57] INFO in app: Flask application started
[2026-08-07 19:10:11] INFO in app: Flask application started
[2026-08-07 19:10:36] INFO in app: Flask application started
[2026-08-07 19:10:51] INFO in app: Flask application started
[2026-08-07 19:11:41] INFO in app: Flask application started
[2026-08-07 19:27:23] INFO in app: Flask application started
[2026-08-07 19:28:16] INFO in app: Flask application started
[2026-08-07 19:28:16] INFO in app: Flask application started
[2026-08-07 19:28:16] INFO in app: Flask application started
[2026-08-07 19:28:16] INFO in app: Flask application started
[2026-08-07 19:28:16] INFO in app: Flask application started
[2026-08-07 19:28:16] INFO in app: Flask application started
[2026-08-07 19:28:16] INFO in app: Flask application started
[2026-08-07 19:28:16] INFO in app: Flask application started
[2026-08-07 19:28:16] INFO in app: Flask application started
[2026-08-07 19:28:44] INFO in app: Flask application started
[2026-08-07 19:29:07] INFO in app: Flask application started
[2026-08-07 19:29:27] INFO in app: Flask application started
[2026-08-07 19:29:47] INFO in app: Flask application started
[2026-08-07 19:29:58] INFO in app: Flask application started
[2026-08-07 19:30:10] INFO in app: Flask application started
[2026-08-07 19:30:22] INFO in app: Flask application started
[2026-08-07 19:30:41] INFO in app: Flask application started
[2026-08-07 19:31:07] INFO in app: Flask application started
[2026-08-07 19:32:28] INFO in app: Flask application started
[2026-08-07 19:32:46] INFO in app: Flask application started
[2026-08-07 19:42:09] INFO in app: Flask application started
[2026-08-07 19:42:32] INFO in app: Flask application started
[2026-08-10 10:31:12] INFO in app: Flask application started
[2026-08-10 11:01:40] INFO in app: Flask application started
[2026-08-10 11:01:41] INFO in app: Flask application started
[2026-08-10 11:01:41] INFO in app: Flask application started
[2026-08-10 11:01:54] INFO in app: Flask application started
[2026-08-10 11:01:55] INFO in app: Flask application started
[2026-08-10 11:01:55] INFO in app: Flask application started
[2026-08-10 11:02:39] INFO in auth: Login OK: sabir1@sabir1.com (role=admin) from 127.0.0.1
[2026-08-10 11:02:39] INFO in auth: Login OK: sabir1@sabir1.com (role=admin) from 127.0.0.1
[2026-08-10 11:13:50] INFO in app: Flask application started
[2026-08-10 11:13:50] INFO in app: Flask application started
[2026-08-10 11:13:50] INFO in app: Flask application started
[2026-08-10 11:35:14] INFO in app: Flask application started
[2026-08-10 11:35:14] INFO in app: Flask application started
[2026-08-10 11:35:14] INFO in app: Flask application started
[2026-08-10 11:35:17] INFO in app: Flask application started
[2026-08-10 11:35:17] INFO in app: Flask application started
[2026-08-10 11:35:17] INFO in app: Flask application started
[2026-08-10 11:35:46] INFO in app: Flask application started
[2026-08-10 11:35:56] INFO in app: Flask application started
[2026-08-10 11:36:12] INFO in app: Flask application started
[2026-08-10 11:38:53] INFO in app: Flask application started
[2026-08-10 11:38:53] INFO in app: Flask application started
[2026-08-10 11:38:53] INFO in app: Flask application started
[2026-08-10 11:38:55] INFO in app: Flask application started
[2026-08-10 11:38:56] INFO in app: Flask application started
[2026-08-10 11:38:56] INFO in app: Flask application started
[2026-08-10 11:39:02] INFO in app: Bad request (400): 400 Bad Request: The CSRF token is missing.
[2026-08-10 11:39:02] INFO in app: Bad request (400): 400 Bad Request: The CSRF token is missing.
[2026-08-10 11:41:24] INFO in app: Flask application started
[2026-08-10 11:41:24] INFO in app: Flask application started
[2026-08-10 11:41:24] INFO in app: Flask application started
[2026-08-10 11:41:26] INFO in app: Flask application started
[2026-08-10 11:41:26] INFO in app: Flask application started
[2026-08-10 11:41:26] INFO in app: Flask application started
[2026-08-10 11:41:35] INFO in app: Flask application started
[2026-08-10 11:41:36] INFO in app: Flask application started
[2026-08-10 11:41:36] INFO in app: Flask application started
[2026-08-10 11:41:38] INFO in app: Flask application started
[2026-08-10 11:41:38] INFO in app: Flask application started
[2026-08-10 11:41:38] INFO in app: Flask application started
[2026-08-10 11:42:02] INFO in app: Flask application started
[2026-08-10 11:42:22] INFO in app: Flask application started
[2026-08-10 11:42:34] INFO in app: Flask application started
[2026-08-10 11:42:58] INFO in app: Flask application started
[2026-08-10 11:43:11] INFO in app: Flask application started
[2026-08-10 11:43:22] INFO in app: Flask application started
[2026-08-10 11:43:32] INFO in app: Flask application started
[2026-08-10 11:43:39] INFO in app: Flask application started
[2026-08-10 11:43:58] INFO in app: Flask application started
[2026-08-10 11:53:42] INFO in app: Flask application started
[2026-08-10 11:54:05] INFO in app: Flask application started
[2026-08-10 12:00:41] INFO in app: Flask application started
[2026-08-10 12:00:59] INFO in app: Flask application started
[2026-08-10 12:01:11] INFO in app: Flask application started
[2026-08-10 12:09:57] INFO in auth: Login OK: sabir1@sabir1.com (role=admin) from 127.0.0.1
[2026-08-10 12:09:57] INFO in auth: Login OK: sabir1@sabir1.com (role=admin) from 127.0.0.1
[2026-08-10 12:12:59] INFO in app: Flask application started
[2026-08-10 12:13:16] INFO in app: Flask application started
[2026-08-10 12:16:11] INFO in app: Flask application started
[2026-08-10 12:21:35] INFO in app: Posting refused: Receipt #14 is posted to the general ledger and can no longer be changed. Reverse it instead.
[2026-08-10 12:21:35] INFO in app: Posting refused: Receipt #14 is posted to the general ledger and can no longer be changed. Reverse it instead.
[2026-08-10 12:22:53] INFO in app: Posting refused: Receipt #14 is posted to the general ledger and can no longer be changed. Reverse it instead.
[2026-08-10 12:22:53] INFO in app: Posting refused: Receipt #14 is posted to the general ledger and can no longer be changed. Reverse it instead.
[2026-08-10 12:25:44] INFO in app: Flask application started
[2026-08-10 12:26:00] INFO in app: Flask application started
[2026-08-10 12:27:54] INFO in app: Flask application started
[2026-08-10 12:30:05] INFO in app: Flask application started
[2026-08-10 12:31:45] INFO in app: Flask application started
[2026-08-10 12:32:02] INFO in app: Flask application started
[2026-08-10 12:37:51] INFO in app: Flask application started
[2026-08-10 12:38:18] INFO in app: Flask application started
[2026-08-10 12:38:38] INFO in app: Flask application started
[2026-08-10 12:40:32] INFO in app: Flask application started
[2026-08-10 12:44:05] INFO in app: Flask application started
[2026-08-10 12:46:04] INFO in app: Flask application started
[2026-08-10 12:51:29] INFO in app: Flask application started
[2026-08-10 12:53:37] INFO in app: Flask application started
[2026-08-10 13:02:54] INFO in app: Flask application started
[2026-08-10 13:06:35] INFO in app: Flask application started
[2026-08-10 13:07:46] INFO in app: Flask application started
[2026-08-10 13:09:54] INFO in app: Flask application started
[2026-08-10 13:12:44] INFO in app: Flask application started
[2026-08-10 13:13:05] INFO in app: Flask application started
[2026-08-10 13:15:14] INFO in app: Flask application started
[2026-08-10 13:15:14] INFO in app: Flask application started
[2026-08-10 13:15:15] INFO in app: Flask application started
[2026-08-10 13:15:15] INFO in app: Flask application started
[2026-08-10 13:15:15] INFO in app: Flask application started
[2026-08-10 13:15:15] INFO in app: Flask application started
[2026-08-10 13:20:57] INFO in app: Flask application started
[2026-08-10 13:22:07] INFO in app: Flask application started
[2026-08-10 13:22:18] INFO in app: Flask application started
[2026-08-10 13:22:51] INFO in app: Flask application started
[2026-08-10 13:29:58] INFO in app: Flask application started
[2026-08-10 13:44:13] INFO in app: Flask application started
[2026-08-10 13:44:48] INFO in app: Flask application started
[2026-08-10 13:45:06] INFO in app: Flask application started
[2026-08-10 13:47:31] INFO in app: Flask application started
[2026-08-10 13:52:46] INFO in app: Flask application started
[2026-08-10 14:09:32] INFO in app: Flask application started
[2026-08-10 14:10:39] INFO in app: Flask application started
[2026-08-10 14:12:01] INFO in app: Flask application started
[2026-08-10 14:12:48] INFO in app: Flask application started
[2026-08-10 14:15:36] INFO in app: Flask application started
[2026-08-10 14:15:46] INFO in app: Flask application started
[2026-08-10 14:16:29] INFO in app: Flask application started
[2026-08-10 14:19:08] INFO in app: Flask application started
[2026-08-10 14:19:52] INFO in app: Flask application started
[2026-08-10 14:25:01] INFO in app: Flask application started
[2026-08-10 14:25:18] INFO in auth: Login OK: m@t.com (role=manager) from 127.0.0.1
[2026-08-10 14:25:21] INFO in auth: Login OK: m@t.com (role=manager) from 127.0.0.1
[2026-08-10 14:25:23] INFO in auth: Login OK: m@t.com (role=manager) from 127.0.0.1
[2026-08-10 14:25:25] INFO in auth: Login OK: m@t.com (role=manager) from 127.0.0.1
[2026-08-10 14:25:29] INFO in auth: Login OK: m@t.com (role=manager) from 127.0.0.1
[2026-08-10 14:25:31] INFO in auth: Login OK: m@t.com (role=manager) from 127.0.0.1
[2026-08-10 14:25:35] INFO in auth: Login OK: s@t.com (role=staff) from 127.0.0.1
[2026-08-10 14:25:46] INFO in app: Flask application started
[2026-08-10 14:26:01] INFO in auth: Login OK: m@t.com (role=manager) from 127.0.0.1
[2026-08-10 14:26:03] INFO in auth: Login OK: m@t.com (role=manager) from 127.0.0.1
[2026-08-10 14:26:06] INFO in auth: Login OK: m@t.com (role=manager) from 127.0.0.1
[2026-08-10 14:26:08] INFO in auth: Login OK: m@t.com (role=manager) from 127.0.0.1
[2026-08-10 14:26:10] INFO in auth: Login OK: m@t.com (role=manager) from 127.0.0.1
[2026-08-10 14:26:13] INFO in auth: Login OK: m@t.com (role=manager) from 127.0.0.1
[2026-08-10 14:26:15] INFO in auth: Login OK: m@t.com (role=manager) from 127.0.0.1
[2026-08-10 14:26:17] INFO in auth: Login OK: s@t.com (role=staff) from 127.0.0.1
[2026-08-10 14:26:19] INFO in auth: Login OK: m@t.com (role=manager) from 127.0.0.1
[2026-08-10 14:26:21] INFO in auth: Login OK: m@t.com (role=manager) from 127.0.0.1
[2026-08-10 14:29:03] INFO in app: Flask application started
[2026-08-10 14:29:25] INFO in auth: Login OK: m@t.com (role=manager) from 127.0.0.1
[2026-08-10 14:29:28] INFO in auth: Login OK: m@t.com (role=manager) from 127.0.0.1
[2026-08-10 14:29:31] INFO in auth: Login OK: m@t.com (role=manager) from 127.0.0.1
[2026-08-10 14:29:34] INFO in auth: Login OK: m@t.com (role=manager) from 127.0.0.1
[2026-08-10 14:29:37] INFO in auth: Login OK: m@t.com (role=manager) from 127.0.0.1
[2026-08-10 14:29:43] INFO in auth: Login OK: m@t.com (role=manager) from 127.0.0.1
[2026-08-10 14:29:47] INFO in auth: Login OK: m@t.com (role=manager) from 127.0.0.1
[2026-08-10 14:29:50] INFO in auth: Login OK: s@t.com (role=staff) from 127.0.0.1
[2026-08-10 14:29:52] INFO in auth: Login OK: m@t.com (role=manager) from 127.0.0.1
[2026-08-10 14:29:55] INFO in auth: Login OK: m@t.com (role=manager) from 127.0.0.1
[2026-08-10 14:46:28] INFO in app: Flask application started
[2026-08-10 15:01:32] INFO in app: Flask application started
[2026-08-10 15:01:33] INFO in app: Bad request (400): 400 Bad Request: The CSRF token is missing.
[2026-08-10 15:06:13] INFO in app: Flask application started
[2026-08-10 15:06:46] INFO in app: Flask application started
[2026-08-10 15:07:24] INFO in app: Flask application started
[2026-08-10 15:07:57] INFO in app: Flask application started
[2026-08-10 15:08:12] INFO in app: Flask application started
[2026-08-10 15:08:50] INFO in app: Flask application started
[2026-08-10 15:17:06] INFO in app: Flask application started
[2026-08-10 15:17:39] INFO in app: Flask application started
[2026-08-10 15:18:42] INFO in app: Flask application started
[2026-08-10 15:19:07] INFO in app: Flask application started
[2026-08-10 15:22:36] INFO in app: Flask application started
[2026-08-10 15:22:36] INFO in app: Flask application started
[2026-08-10 15:22:36] INFO in app: Flask application started
[2026-08-10 15:22:38] INFO in app: Flask application started
[2026-08-10 15:22:38] INFO in app: Flask application started
[2026-08-10 15:22:38] INFO in app: Flask application started
[2026-08-10 15:23:12] INFO in app: Flask application started
[2026-08-10 15:23:12] INFO in app: Flask application started
[2026-08-10 15:23:12] INFO in app: Flask application started
[2026-08-10 15:23:13] INFO in app: Flask application started
[2026-08-10 15:23:13] INFO in app: Flask application started
[2026-08-10 15:23:13] INFO in app: Flask application started
[2026-08-10 15:23:17] INFO in app: Flask application started
[2026-08-10 15:23:18] INFO in app: Flask application started
[2026-08-10 15:23:18] INFO in app: Flask application started
[2026-08-10 15:23:18] INFO in app: Flask application started
[2026-08-10 15:23:18] INFO in app: Flask application started
[2026-08-10 15:23:18] INFO in app: Flask application started
[2026-08-10 15:23:21] INFO in app: Flask application started
[2026-08-10 15:23:22] INFO in app: Flask application started
[2026-08-10 15:23:22] INFO in app: Flask application started
[2026-08-10 15:23:26] INFO in app: Flask application started
[2026-08-10 15:23:26] INFO in app: Flask application started
[2026-08-10 15:23:27] INFO in app: Flask application started
[2026-08-10 15:23:27] INFO in app: Flask application started
[2026-08-10 15:23:27] INFO in app: Flask application started
[2026-08-10 15:23:27] INFO in app: Flask application started
[2026-08-10 15:23:32] INFO in app: Flask application started
[2026-08-10 15:23:48] INFO in auth: Login OK: m@t.com (role=manager) from 127.0.0.1
[2026-08-10 15:23:51] INFO in auth: Login OK: m@t.com (role=manager) from 127.0.0.1
[2026-08-10 15:23:53] INFO in auth: Login OK: m@t.com (role=manager) from 127.0.0.1
[2026-08-10 15:23:56] INFO in auth: Login OK: m@t.com (role=manager) from 127.0.0.1
[2026-08-10 15:23:58] INFO in auth: Login OK: m@t.com (role=manager) from 127.0.0.1
[2026-08-10 15:24:01] INFO in auth: Login OK: m@t.com (role=manager) from 127.0.0.1
[2026-08-10 15:24:04] INFO in auth: Login OK: m@t.com (role=manager) from 127.0.0.1
[2026-08-10 15:24:06] INFO in auth: Login OK: s@t.com (role=staff) from 127.0.0.1
[2026-08-10 15:24:08] INFO in auth: Login OK: m@t.com (role=manager) from 127.0.0.1
[2026-08-10 15:24:10] INFO in auth: Login OK: m@t.com (role=manager) from 127.0.0.1
[2026-08-10 15:24:21] INFO in app: Flask application started
[2026-08-10 15:24:36] INFO in auth: Login OK: m@t.com (role=manager) from 127.0.0.1
[2026-08-10 15:24:38] INFO in auth: Login OK: m@t.com (role=manager) from 127.0.0.1
[2026-08-10 15:24:42] INFO in auth: Login OK: m@t.com (role=manager) from 127.0.0.1
[2026-08-10 15:24:45] INFO in auth: Login OK: m@t.com (role=manager) from 127.0.0.1
[2026-08-10 15:24:49] INFO in auth: Login OK: m@t.com (role=manager) from 127.0.0.1
[2026-08-10 15:24:51] INFO in auth: Login OK: m@t.com (role=manager) from 127.0.0.1
[2026-08-10 15:24:55] INFO in auth: Login OK: s@t.com (role=staff) from 127.0.0.1
[2026-08-10 15:25:18] INFO in app: Flask application started
[2026-08-10 15:25:41] INFO in app: Flask application started
[2026-08-10 15:25:55] INFO in auth: Login OK: m@t.com (role=manager) from 127.0.0.1
[2026-08-10 15:25:57] INFO in auth: Login OK: m@t.com (role=manager) from 127.0.0.1
[2026-08-10 15:26:00] INFO in auth: Login OK: m@t.com (role=manager) from 127.0.0.1
[2026-08-10 15:26:03] INFO in auth: Login OK: m@t.com (role=manager) from 127.0.0.1
[2026-08-10 15:26:06] INFO in auth: Login OK: m@t.com (role=manager) from 127.0.0.1
[2026-08-10 15:26:08] INFO in auth: Login OK: m@t.com (role=manager) from 127.0.0.1
[2026-08-10 15:26:12] INFO in auth: Login OK: s@t.com (role=staff) from 127.0.0.1
[2026-08-10 15:26:14] INFO in auth: Login OK: m@t.com (role=manager) from 127.0.0.1
[2026-08-10 15:26:16] INFO in auth: Login OK: m@t.com (role=manager) from 127.0.0.1
[2026-08-10 15:26:18] INFO in auth: Login OK: m@t.com (role=manager) from 127.0.0.1
[2026-08-10 15:26:21] INFO in auth: Login OK: m@t.com (role=manager) from 127.0.0.1
[2026-08-10 15:26:24] INFO in auth: Login OK: m@t.com (role=manager) from 127.0.0.1
[2026-08-10 15:26:26] INFO in auth: Login OK: m@t.com (role=manager) from 127.0.0.1
[2026-08-10 15:26:28] INFO in auth: Login OK: m@t.com (role=manager) from 127.0.0.1
[2026-08-10 15:26:30] INFO in auth: Login OK: s@t.com (role=staff) from 127.0.0.1
[2026-08-10 15:26:33] INFO in auth: Login OK: m@t.com (role=manager) from 127.0.0.1
[2026-08-10 15:26:38] INFO in auth: Login OK: m@t.com (role=manager) from 127.0.0.1
[2026-08-10 15:39:00] INFO in app: Flask application started
[2026-08-10 15:39:00] INFO in app: Flask application started
[2026-08-10 15:39:00] INFO in app: Flask application started
[2026-08-10 15:39:02] INFO in app: Flask application started
[2026-08-10 15:39:03] INFO in app: Flask application started
[2026-08-10 15:39:03] INFO in app: Flask application started
[2026-08-10 15:39:09] INFO in app: Flask application started
[2026-08-10 15:39:26] INFO in auth: Login OK: m@t.com (role=manager) from 127.0.0.1
[2026-08-10 15:39:28] INFO in auth: Login OK: m@t.com (role=manager) from 127.0.0.1
[2026-08-10 15:39:30] INFO in auth: Login OK: m@t.com (role=manager) from 127.0.0.1
[2026-08-10 15:39:32] INFO in auth: Login OK: m@t.com (role=manager) from 127.0.0.1
[2026-08-10 15:39:35] INFO in auth: Login OK: m@t.com (role=manager) from 127.0.0.1
[2026-08-10 15:39:37] INFO in auth: Login OK: m@t.com (role=manager) from 127.0.0.1
[2026-08-10 15:39:40] INFO in auth: Login OK: m@t.com (role=manager) from 127.0.0.1
[2026-08-10 15:39:42] INFO in auth: Login OK: s@t.com (role=staff) from 127.0.0.1
[2026-08-10 15:39:43] INFO in auth: Login OK: m@t.com (role=manager) from 127.0.0.1
[2026-08-10 15:39:45] INFO in auth: Login OK: m@t.com (role=manager) from 127.0.0.1
[2026-08-10 15:39:48] INFO in auth: Login OK: m@t.com (role=manager) from 127.0.0.1
[2026-08-10 15:39:50] INFO in auth: Login OK: m@t.com (role=manager) from 127.0.0.1
[2026-08-10 15:39:53] INFO in auth: Login OK: m@t.com (role=manager) from 127.0.0.1
[2026-08-10 15:39:55] INFO in auth: Login OK: m@t.com (role=manager) from 127.0.0.1
[2026-08-10 15:39:57] INFO in auth: Login OK: m@t.com (role=manager) from 127.0.0.1
[2026-08-10 15:40:00] INFO in auth: Login OK: m@t.com (role=manager) from 127.0.0.1
[2026-08-10 15:40:03] INFO in auth: Login OK: s@t.com (role=staff) from 127.0.0.1
[2026-08-10 15:40:54] INFO in app: Flask application started
[2026-08-10 19:11:35] INFO in app: Flask application started
[2026-08-10 19:11:36] INFO in app: Flask application started
[2026-08-10 19:11:36] INFO in app: Flask application started
[2026-08-10 19:11:45] INFO in app: Flask application started
[2026-08-10 19:11:46] INFO in app: Flask application started
[2026-08-10 19:11:46] INFO in app: Flask application started
[2026-08-10 19:14:07] INFO in app: Flask application started
[2026-08-10 19:14:20] INFO in app: Flask application started
[2026-08-10 19:14:21] INFO in app: Flask application started
[2026-08-10 19:14:21] INFO in app: Flask application started
[2026-08-10 19:14:42] INFO in app: Flask application started
[2026-08-10 19:14:42] INFO in app: Flask application started
[2026-08-10 19:14:42] INFO in app: Flask application started
[2026-08-10 19:15:00] INFO in app: Flask application started
[2026-08-10 19:15:00] INFO in app: Flask application started
[2026-08-10 19:15:00] INFO in app: Flask application started
[2026-08-10 19:15:15] INFO in app: Flask application started
[2026-08-10 19:15:15] INFO in app: Flask application started
[2026-08-10 19:15:15] INFO in app: Flask application started
[2026-08-10 19:16:26] INFO in app: Flask application started
[2026-08-10 19:16:35] INFO in app: Flask application started
[2026-08-10 19:16:49] INFO in auth: Login OK: m@t.com (role=manager) from 127.0.0.1
[2026-08-10 19:16:51] INFO in auth: Login OK: m@t.com (role=manager) from 127.0.0.1
[2026-08-10 19:16:54] INFO in auth: Login OK: m@t.com (role=manager) from 127.0.0.1
[2026-08-10 19:16:56] INFO in auth: Login OK: m@t.com (role=manager) from 127.0.0.1
[2026-08-10 19:16:58] INFO in auth: Login OK: m@t.com (role=manager) from 127.0.0.1
[2026-08-10 19:17:01] INFO in auth: Login OK: m@t.com (role=manager) from 127.0.0.1
[2026-08-10 19:17:03] INFO in auth: Login OK: m@t.com (role=manager) from 127.0.0.1
[2026-08-10 19:17:05] INFO in auth: Login OK: s@t.com (role=staff) from 127.0.0.1
[2026-08-10 19:17:07] INFO in auth: Login OK: m@t.com (role=manager) from 127.0.0.1
[2026-08-10 19:17:09] INFO in auth: Login OK: m@t.com (role=manager) from 127.0.0.1
[2026-08-10 19:17:11] INFO in auth: Login OK: m@t.com (role=manager) from 127.0.0.1
[2026-08-10 19:17:13] INFO in auth: Login OK: m@t.com (role=manager) from 127.0.0.1
[2026-08-10 19:17:16] INFO in auth: Login OK: m@t.com (role=manager) from 127.0.0.1
[2026-08-10 19:17:18] INFO in auth: Login OK: m@t.com (role=manager) from 127.0.0.1
[2026-08-10 19:17:20] INFO in auth: Login OK: m@t.com (role=manager) from 127.0.0.1
[2026-08-10 19:17:23] INFO in auth: Login OK: m@t.com (role=manager) from 127.0.0.1
[2026-08-10 19:17:25] INFO in auth: Login OK: s@t.com (role=staff) from 127.0.0.1
[2026-08-10 19:32:57] INFO in app: Flask application started
[2026-08-10 19:33:11] INFO in app: Flask application started
[2026-08-10 19:33:12] INFO in app: Bad request (400): 400 Bad Request: The CSRF token is missing.
[2026-08-10 19:33:32] INFO in app: Flask application started
[2026-08-10 19:33:47] INFO in auth: Login OK: m@t.com (role=manager) from 127.0.0.1
[2026-08-10 19:33:49] INFO in auth: Login OK: m@t.com (role=manager) from 127.0.0.1
[2026-08-10 19:33:51] INFO in auth: Login OK: m@t.com (role=manager) from 127.0.0.1
[2026-08-10 19:33:53] INFO in auth: Login OK: m@t.com (role=manager) from 127.0.0.1
[2026-08-10 19:33:55] INFO in auth: Login OK: m@t.com (role=manager) from 127.0.0.1
[2026-08-10 19:33:57] INFO in auth: Login OK: m@t.com (role=manager) from 127.0.0.1
[2026-08-10 19:34:00] INFO in auth: Login OK: m@t.com (role=manager) from 127.0.0.1
[2026-08-10 19:34:02] INFO in auth: Login OK: s@t.com (role=staff) from 127.0.0.1
[2026-08-10 19:34:04] INFO in auth: Login OK: m@t.com (role=manager) from 127.0.0.1
[2026-08-10 19:34:05] INFO in auth: Login OK: m@t.com (role=manager) from 127.0.0.1
[2026-08-10 19:34:08] INFO in auth: Login OK: m@t.com (role=manager) from 127.0.0.1
[2026-08-10 19:34:10] INFO in auth: Login OK: m@t.com (role=manager) from 127.0.0.1
[2026-08-10 19:34:12] INFO in auth: Login OK: m@t.com (role=manager) from 127.0.0.1
[2026-08-10 19:34:15] INFO in auth: Login OK: m@t.com (role=manager) from 127.0.0.1
[2026-08-10 19:34:17] INFO in auth: Login OK: m@t.com (role=manager) from 127.0.0.1
[2026-08-10 19:34:20] INFO in auth: Login OK: m@t.com (role=manager) from 127.0.0.1
[2026-08-10 19:34:22] INFO in auth: Login OK: s@t.com (role=staff) from 127.0.0.1
[2026-08-11 11:50:51] INFO in app: Flask application started
[2026-08-11 11:51:11] INFO in app: Flask application started
[2026-08-11 11:51:11] INFO in app: Flask application started
[2026-08-11 11:51:11] INFO in app: Flask application started
[2026-08-11 11:51:14] INFO in app: Flask application started
[2026-08-11 11:51:14] INFO in app: Flask application started
[2026-08-11 11:51:14] INFO in app: Flask application started
[2026-08-11 11:54:36] INFO in app: Flask application started
[2026-08-11 11:54:36] INFO in app: Flask application started
[2026-08-11 11:54:36] INFO in app: Flask application started
[2026-08-11 11:54:38] INFO in app: Flask application started
[2026-08-11 11:54:38] INFO in app: Flask application started
[2026-08-11 11:54:38] INFO in app: Flask application started
[2026-08-11 12:03:03] INFO in app: Bad request (400): 400 Bad Request: The CSRF token is missing.
[2026-08-11 12:03:03] INFO in app: Bad request (400): 400 Bad Request: The CSRF token is missing.
[2026-08-11 12:15:47] INFO in app: Flask application started
[2026-08-11 12:15:47] INFO in app: Flask application started
[2026-08-11 12:15:47] INFO in app: Flask application started
[2026-08-11 12:15:50] INFO in app: Flask application started
[2026-08-11 12:15:50] INFO in app: Flask application started
[2026-08-11 12:15:50] INFO in app: Flask application started
[2026-08-11 13:18:41] INFO in app: Flask application started
[2026-08-11 13:19:06] INFO in auth: Login OK: jn@test.com (role=manager) from 127.0.0.1
[2026-08-11 13:19:18] INFO in auth: Login OK: jn@test.com (role=manager) from 127.0.0.1
[2026-08-11 13:20:39] INFO in auth: Login OK: a@t.com (role=admin) from 127.0.0.1
[2026-08-11 13:20:40] INFO in auth: Login OK: a@t.com (role=admin) from 127.0.0.1
[2026-08-11 13:20:43] INFO in auth: Login OK: a@t.com (role=admin) from 127.0.0.1
[2026-08-11 13:20:44] INFO in app: Posting refused: Only 20 × Widget in stock, so 100 cannot be taken out. If you are reversing a document, the goods it brought in have already been sold or issued — reverse those first.
[2026-08-11 13:20:46] INFO in auth: Login OK: a@t.com (role=admin) from 127.0.0.1
[2026-08-11 13:20:52] INFO in auth: Login OK: a@t.com (role=admin) from 127.0.0.1
[2026-08-11 13:20:55] INFO in auth: Login OK: a@t.com (role=admin) from 127.0.0.1
[2026-08-11 13:20:57] INFO in auth: Login OK: m@t.com (role=manager) from 127.0.0.1
[2026-08-11 13:20:58] INFO in auth: Login OK: m@t.com (role=manager) from 127.0.0.1
[2026-08-11 13:20:59] INFO in auth: Login OK: m@t.com (role=manager) from 127.0.0.1
[2026-08-11 13:21:01] INFO in auth: Login OK: m@t.com (role=manager) from 127.0.0.1
[2026-08-11 13:21:02] INFO in auth: Login OK: m@t.com (role=manager) from 127.0.0.1
[2026-08-11 13:21:03] INFO in auth: Login OK: s@t.com (role=staff) from 127.0.0.1
[2026-08-11 13:21:31] INFO in app: Flask application started
[2026-08-11 13:21:52] INFO in auth: Login OK: jn@test.com (role=manager) from 127.0.0.1
[2026-08-11 13:22:01] INFO in auth: Login OK: jn@test.com (role=manager) from 127.0.0.1
[2026-08-11 13:22:49] INFO in auth: Login OK: a@t.com (role=admin) from 127.0.0.1
[2026-08-11 13:22:50] INFO in auth: Login OK: a@t.com (role=admin) from 127.0.0.1
[2026-08-11 13:22:52] INFO in auth: Login OK: a@t.com (role=admin) from 127.0.0.1
[2026-08-11 13:22:53] INFO in app: Posting refused: Only 20 × Widget in stock, so 100 cannot be taken out. If you are reversing a document, the goods it brought in have already been sold or issued — reverse those first.
[2026-08-11 13:22:55] INFO in auth: Login OK: a@t.com (role=admin) from 127.0.0.1
[2026-08-11 13:23:00] INFO in auth: Login OK: a@t.com (role=admin) from 127.0.0.1
[2026-08-11 13:23:03] INFO in auth: Login OK: a@t.com (role=admin) from 127.0.0.1
[2026-08-11 13:23:04] INFO in auth: Login OK: m@t.com (role=manager) from 127.0.0.1
[2026-08-11 13:23:05] INFO in auth: Login OK: m@t.com (role=manager) from 127.0.0.1
[2026-08-11 13:23:06] INFO in auth: Login OK: m@t.com (role=manager) from 127.0.0.1
[2026-08-11 13:23:08] INFO in auth: Login OK: m@t.com (role=manager) from 127.0.0.1
[2026-08-11 13:23:09] INFO in auth: Login OK: m@t.com (role=manager) from 127.0.0.1
[2026-08-11 13:23:10] INFO in auth: Login OK: s@t.com (role=staff) from 127.0.0.1
[2026-08-11 13:23:23] INFO in auth: Login OK: a@t.com (role=admin) from 127.0.0.1
[2026-08-11 13:23:24] INFO in auth: Login OK: a@t.com (role=admin) from 127.0.0.1
[2026-08-11 13:23:25] INFO in auth: Login OK: a@t.com (role=admin) from 127.0.0.1
[2026-08-11 13:23:26] INFO in auth: Login OK: a@t.com (role=admin) from 127.0.0.1
[2026-08-11 13:23:29] INFO in auth: Login OK: m@t.com (role=manager) from 127.0.0.1
[2026-08-11 13:23:30] INFO in auth: Login OK: m@t.com (role=manager) from 127.0.0.1
[2026-08-11 13:23:33] INFO in auth: Login OK: m@t.com (role=manager) from 127.0.0.1
[2026-08-11 13:23:35] INFO in auth: Login OK: m@t.com (role=manager) from 127.0.0.1
[2026-08-11 13:23:37] INFO in auth: Login OK: m@t.com (role=manager) from 127.0.0.1
[2026-08-11 13:23:40] INFO in auth: Login OK: m@t.com (role=manager) from 127.0.0.1
[2026-08-11 13:23:43] INFO in auth: Login OK: s@t.com (role=staff) from 127.0.0.1
[2026-08-11 13:23:44] INFO in auth: Login OK: m@t.com (role=manager) from 127.0.0.1
[2026-08-11 13:23:46] INFO in auth: Login OK: m@t.com (role=manager) from 127.0.0.1
[2026-08-11 13:23:49] INFO in auth: Login OK: m@t.com (role=manager) from 127.0.0.1
[2026-08-11 13:23:51] INFO in auth: Login OK: m@t.com (role=manager) from 127.0.0.1
[2026-08-11 13:23:53] INFO in auth: Login OK: m@t.com (role=manager) from 127.0.0.1
[2026-08-11 13:23:55] INFO in auth: Login OK: m@t.com (role=manager) from 127.0.0.1
[2026-08-11 13:23:58] INFO in auth: Login OK: m@t.com (role=manager) from 127.0.0.1
[2026-08-11 13:24:00] INFO in auth: Login OK: s@t.com (role=staff) from 127.0.0.1
[2026-08-11 13:24:02] INFO in auth: Login OK: m@t.com (role=manager) from 127.0.0.1
[2026-08-11 13:24:04] INFO in auth: Login OK: m@t.com (role=manager) from 127.0.0.1
[2026-08-11 13:24:06] INFO in auth: Login OK: a@t.com (role=admin) from 127.0.0.1
[2026-08-11 13:24:10] INFO in auth: Login OK: a@t.com (role=admin) from 127.0.0.1
[2026-08-11 13:24:14] INFO in auth: Login OK: a@t.com (role=admin) from 127.0.0.1
[2026-08-11 13:24:18] INFO in auth: Login OK: a@t.com (role=admin) from 127.0.0.1
[2026-08-11 13:24:21] INFO in auth: Login OK: a@t.com (role=admin) from 127.0.0.1
[2026-08-11 13:24:24] INFO in auth: Login OK: a@t.com (role=admin) from 127.0.0.1
[2026-08-11 13:24:28] INFO in auth: Login OK: a@t.com (role=admin) from 127.0.0.1
[2026-08-11 13:24:31] INFO in auth: Login OK: a@t.com (role=admin) from 127.0.0.1
[2026-08-11 13:24:35] INFO in auth: Login OK: a@t.com (role=admin) from 127.0.0.1
[2026-08-11 13:24:37] INFO in auth: Login OK: m@t.com (role=manager) from 127.0.0.1
[2026-08-11 15:42:09] INFO in app: Flask application started
[2026-08-11 15:42:10] INFO in app: Flask application started
[2026-08-11 15:42:10] INFO in app: Flask application started
[2026-08-11 15:42:12] INFO in app: Flask application started
[2026-08-11 15:42:13] INFO in app: Flask application started
[2026-08-11 15:42:13] INFO in app: Flask application started
[2026-08-11 15:42:37] INFO in app: Flask application started
[2026-08-11 15:42:54] INFO in app: Flask application started
[2026-08-11 15:47:00] INFO in app: Flask application started
[2026-08-11 15:47:00] INFO in app: Flask application started
[2026-08-11 15:47:00] INFO in app: Flask application started
[2026-08-11 15:47:05] INFO in app: Flask application started
[2026-08-11 15:47:06] INFO in app: Flask application started
[2026-08-11 15:47:06] INFO in app: Flask application started
[2026-08-11 15:47:57] INFO in auth: Login OK: sabir1@sabir1.com (role=admin) from 127.0.0.1
[2026-08-11 15:47:57] INFO in auth: Login OK: sabir1@sabir1.com (role=admin) from 127.0.0.1
[2026-08-11 16:03:18] INFO in app: Flask application started
[2026-08-11 16:03:41] INFO in auth: Login OK: jn@test.com (role=manager) from 127.0.0.1
[2026-08-11 16:03:52] INFO in auth: Login OK: jn@test.com (role=manager) from 127.0.0.1
[2026-08-11 16:04:47] INFO in auth: Login OK: a@t.com (role=admin) from 127.0.0.1
[2026-08-11 16:04:48] INFO in auth: Login OK: a@t.com (role=admin) from 127.0.0.1
[2026-08-11 16:04:50] INFO in auth: Login OK: a@t.com (role=admin) from 127.0.0.1
[2026-08-11 16:04:51] INFO in app: Posting refused: Only 20 × Widget in stock, so 100 cannot be taken out. If you are reversing a document, the goods it brought in have already been sold or issued — reverse those first.
[2026-08-11 16:04:54] INFO in auth: Login OK: a@t.com (role=admin) from 127.0.0.1
[2026-08-11 16:04:59] INFO in auth: Login OK: a@t.com (role=admin) from 127.0.0.1
[2026-08-11 16:05:01] INFO in auth: Login OK: a@t.com (role=admin) from 127.0.0.1
[2026-08-11 16:05:03] INFO in auth: Login OK: m@t.com (role=manager) from 127.0.0.1
[2026-08-11 16:05:04] INFO in auth: Login OK: m@t.com (role=manager) from 127.0.0.1
[2026-08-11 16:05:06] INFO in auth: Login OK: m@t.com (role=manager) from 127.0.0.1
[2026-08-11 16:05:07] INFO in auth: Login OK: m@t.com (role=manager) from 127.0.0.1
[2026-08-11 16:05:09] INFO in auth: Login OK: m@t.com (role=manager) from 127.0.0.1
[2026-08-11 16:05:09] INFO in auth: Login OK: s@t.com (role=staff) from 127.0.0.1
[2026-08-11 16:05:24] INFO in auth: Login OK: a@t.com (role=admin) from 127.0.0.1
[2026-08-11 16:05:26] INFO in auth: Login OK: a@t.com (role=admin) from 127.0.0.1
[2026-08-11 16:05:26] INFO in auth: Login OK: a@t.com (role=admin) from 127.0.0.1
[2026-08-11 16:05:27] INFO in auth: Login OK: a@t.com (role=admin) from 127.0.0.1
[2026-08-11 16:05:30] INFO in auth: Login OK: m@t.com (role=manager) from 127.0.0.1
[2026-08-11 16:05:32] INFO in auth: Login OK: m@t.com (role=manager) from 127.0.0.1
[2026-08-11 16:05:34] INFO in auth: Login OK: m@t.com (role=manager) from 127.0.0.1
[2026-08-11 16:05:36] INFO in auth: Login OK: m@t.com (role=manager) from 127.0.0.1
[2026-08-11 16:05:39] INFO in auth: Login OK: m@t.com (role=manager) from 127.0.0.1
[2026-08-11 16:05:42] INFO in auth: Login OK: m@t.com (role=manager) from 127.0.0.1
[2026-08-11 16:05:45] INFO in auth: Login OK: s@t.com (role=staff) from 127.0.0.1
[2026-08-11 16:05:47] INFO in auth: Login OK: m@t.com (role=manager) from 127.0.0.1
[2026-08-11 16:05:49] INFO in auth: Login OK: m@t.com (role=manager) from 127.0.0.1
[2026-08-11 16:05:52] INFO in auth: Login OK: m@t.com (role=manager) from 127.0.0.1
[2026-08-11 16:05:54] INFO in auth: Login OK: m@t.com (role=manager) from 127.0.0.1
[2026-08-11 16:05:56] INFO in auth: Login OK: m@t.com (role=manager) from 127.0.0.1
[2026-08-11 16:05:59] INFO in auth: Login OK: m@t.com (role=manager) from 127.0.0.1
[2026-08-11 16:06:01] INFO in auth: Login OK: m@t.com (role=manager) from 127.0.0.1
[2026-08-11 16:06:03] INFO in auth: Login OK: s@t.com (role=staff) from 127.0.0.1
[2026-08-11 16:06:05] INFO in auth: Login OK: m@t.com (role=manager) from 127.0.0.1
[2026-08-11 16:06:07] INFO in auth: Login OK: m@t.com (role=manager) from 127.0.0.1
[2026-08-11 16:06:11] INFO in auth: Login OK: a@t.com (role=admin) from 127.0.0.1
[2026-08-11 16:06:15] INFO in auth: Login OK: a@t.com (role=admin) from 127.0.0.1
[2026-08-11 16:06:20] INFO in auth: Login OK: a@t.com (role=admin) from 127.0.0.1
[2026-08-11 16:06:24] INFO in auth: Login OK: a@t.com (role=admin) from 127.0.0.1
[2026-08-11 16:06:27] INFO in auth: Login OK: a@t.com (role=admin) from 127.0.0.1
[2026-08-11 16:06:30] INFO in auth: Login OK: a@t.com (role=admin) from 127.0.0.1
[2026-08-11 16:06:34] INFO in auth: Login OK: a@t.com (role=admin) from 127.0.0.1
[2026-08-11 16:06:38] INFO in auth: Login OK: a@t.com (role=admin) from 127.0.0.1
[2026-08-11 16:06:42] INFO in auth: Login OK: a@t.com (role=admin) from 127.0.0.1
[2026-08-11 16:06:44] INFO in auth: Login OK: m@t.com (role=manager) from 127.0.0.1
[2026-08-11 16:11:22] INFO in app: Flask application started
[2026-08-11 16:11:36] INFO in auth: Login OK: m@t.com (role=manager) from 127.0.0.1
[2026-08-11 16:12:02] INFO in app: Flask application started
[2026-08-11 16:12:40] INFO in app: Flask application started
[2026-08-11 16:12:54] INFO in auth: Login OK: m@t.com (role=manager) from 127.0.0.1
[2026-08-11 16:13:09] INFO in app: Flask application started
[2026-08-11 16:13:10] INFO in app: Bad request (400): 400 Bad Request: The CSRF token is missing.
[2026-08-11 16:13:10] INFO in app: Bad request (400): 400 Bad Request: The CSRF token is missing.
[2026-08-11 16:13:31] INFO in app: Flask application started
[2026-08-11 16:13:54] INFO in app: Flask application started
[2026-08-11 16:13:55] INFO in app: Bad request (400): 400 Bad Request: The CSRF token is missing.
[2026-08-11 16:13:55] INFO in app: Bad request (400): 400 Bad Request: The CSRF token is missing.
[2026-08-11 16:14:08] INFO in app: Flask application started
[2026-08-11 16:14:08] INFO in app: Bad request (400): 400 Bad Request: The CSRF token is missing.
[2026-08-11 16:14:08] INFO in app: Bad request (400): 400 Bad Request: The CSRF token is missing.
[2026-08-11 16:15:00] INFO in app: Flask application started
[2026-08-11 16:15:01] INFO in app: Flask application started
[2026-08-11 16:15:01] INFO in app: Flask application started
[2026-08-11 16:15:10] INFO in app: Flask application started
[2026-08-11 16:15:10] INFO in app: Flask application started
[2026-08-11 16:15:10] INFO in app: Flask application started
[2026-08-11 16:15:24] INFO in app: Flask application started
[2026-08-11 16:15:24] INFO in app: Flask application started
[2026-08-11 16:15:24] INFO in app: Flask application started
[2026-08-11 16:15:33] INFO in app: Flask application started
[2026-08-11 16:15:33] INFO in app: Flask application started
[2026-08-11 16:15:33] INFO in app: Flask application started
[2026-08-11 16:15:39] INFO in app: Flask application started
[2026-08-11 16:15:53] INFO in auth: Login OK: m@t.com (role=manager) from 127.0.0.1
[2026-08-11 16:15:54] INFO in auth: Login OK: m@t.com (role=manager) from 127.0.0.1
[2026-08-11 16:15:56] INFO in auth: Login OK: m@t.com (role=manager) from 127.0.0.1
[2026-08-11 16:16:12] INFO in app: Flask application started
[2026-08-11 16:16:23] INFO in auth: Login OK: m@t.com (role=manager) from 127.0.0.1
[2026-08-11 16:16:41] INFO in app: Flask application started
[2026-08-11 16:16:41] INFO in app: Flask application started
[2026-08-11 16:16:41] INFO in app: Flask application started
[2026-08-11 16:16:46] INFO in app: Flask application started
[2026-08-11 16:16:58] INFO in auth: Login OK: m@t.com (role=manager) from 127.0.0.1
[2026-08-11 16:17:15] INFO in app: Flask application started
[2026-08-11 16:17:15] INFO in app: Flask application started
[2026-08-11 16:17:15] INFO in app: Flask application started
[2026-08-11 16:17:26] INFO in app: Flask application started
[2026-08-11 16:17:26] INFO in app: Flask application started
[2026-08-11 16:17:26] INFO in app: Flask application started
[2026-08-11 16:17:31] INFO in app: Flask application started
[2026-08-11 16:17:46] INFO in auth: Login OK: m@t.com (role=manager) from 127.0.0.1
[2026-08-11 16:18:26] INFO in app: Flask application started
[2026-08-11 16:18:50] INFO in app: Flask application started
[2026-08-11 16:19:13] INFO in auth: Login OK: m@t.com (role=manager) from 127.0.0.1
[2026-08-11 16:19:15] INFO in auth: Login OK: m@t.com (role=manager) from 127.0.0.1
[2026-08-11 16:19:17] INFO in auth: Login OK: m@t.com (role=manager) from 127.0.0.1
[2026-08-11 16:19:21] INFO in auth: Login OK: m@t.com (role=manager) from 127.0.0.1
[2026-08-11 16:23:52] INFO in app: Flask application started
[2026-08-11 16:24:17] INFO in auth: Login OK: jn@test.com (role=manager) from 127.0.0.1
[2026-08-11 16:24:27] INFO in auth: Login OK: jn@test.com (role=manager) from 127.0.0.1
[2026-08-11 16:25:42] INFO in auth: Login OK: a@t.com (role=admin) from 127.0.0.1
[2026-08-11 16:25:44] INFO in auth: Login OK: a@t.com (role=admin) from 127.0.0.1
[2026-08-11 16:25:47] INFO in auth: Login OK: a@t.com (role=admin) from 127.0.0.1
[2026-08-11 16:25:48] INFO in app: Posting refused: Only 20 × Widget in stock, so 100 cannot be taken out. If you are reversing a document, the goods it brought in have already been sold or issued — reverse those first.
[2026-08-11 16:25:51] INFO in auth: Login OK: a@t.com (role=admin) from 127.0.0.1
[2026-08-11 16:25:57] INFO in auth: Login OK: a@t.com (role=admin) from 127.0.0.1
[2026-08-11 16:26:00] INFO in auth: Login OK: a@t.com (role=admin) from 127.0.0.1
[2026-08-11 16:26:02] INFO in auth: Login OK: m@t.com (role=manager) from 127.0.0.1
[2026-08-11 16:26:04] INFO in auth: Login OK: m@t.com (role=manager) from 127.0.0.1
[2026-08-11 16:26:05] INFO in auth: Login OK: m@t.com (role=manager) from 127.0.0.1
[2026-08-11 16:26:07] INFO in auth: Login OK: m@t.com (role=manager) from 127.0.0.1
[2026-08-11 16:26:09] INFO in auth: Login OK: m@t.com (role=manager) from 127.0.0.1
[2026-08-11 16:26:10] INFO in auth: Login OK: s@t.com (role=staff) from 127.0.0.1
[2026-08-11 16:26:25] INFO in auth: Login OK: a@t.com (role=admin) from 127.0.0.1
[2026-08-11 16:26:26] INFO in auth: Login OK: a@t.com (role=admin) from 127.0.0.1
[2026-08-11 16:26:27] INFO in auth: Login OK: a@t.com (role=admin) from 127.0.0.1
[2026-08-11 16:26:27] INFO in auth: Login OK: a@t.com (role=admin) from 127.0.0.1
[2026-08-11 16:26:30] INFO in auth: Login OK: m@t.com (role=manager) from 127.0.0.1
[2026-08-11 16:26:32] INFO in auth: Login OK: m@t.com (role=manager) from 127.0.0.1
[2026-08-11 16:26:35] INFO in auth: Login OK: m@t.com (role=manager) from 127.0.0.1
[2026-08-11 16:26:37] INFO in auth: Login OK: m@t.com (role=manager) from 127.0.0.1
[2026-08-11 16:26:39] INFO in auth: Login OK: m@t.com (role=manager) from 127.0.0.1
[2026-08-11 16:26:42] INFO in auth: Login OK: m@t.com (role=manager) from 127.0.0.1
[2026-08-11 16:26:44] INFO in auth: Login OK: s@t.com (role=staff) from 127.0.0.1
[2026-08-11 16:26:46] INFO in auth: Login OK: m@t.com (role=manager) from 127.0.0.1
[2026-08-11 16:26:48] INFO in auth: Login OK: m@t.com (role=manager) from 127.0.0.1
[2026-08-11 16:26:51] INFO in auth: Login OK: m@t.com (role=manager) from 127.0.0.1
[2026-08-11 16:26:53] INFO in auth: Login OK: m@t.com (role=manager) from 127.0.0.1
[2026-08-11 16:26:56] INFO in auth: Login OK: m@t.com (role=manager) from 127.0.0.1
[2026-08-11 16:26:58] INFO in auth: Login OK: m@t.com (role=manager) from 127.0.0.1
[2026-08-11 16:27:01] INFO in auth: Login OK: m@t.com (role=manager) from 127.0.0.1
[2026-08-11 16:27:03] INFO in auth: Login OK: s@t.com (role=staff) from 127.0.0.1
[2026-08-11 16:27:05] INFO in auth: Login OK: m@t.com (role=manager) from 127.0.0.1
[2026-08-11 16:27:07] INFO in auth: Login OK: m@t.com (role=manager) from 127.0.0.1
[2026-08-11 16:27:09] INFO in auth: Login OK: a@t.com (role=admin) from 127.0.0.1
[2026-08-11 16:27:13] INFO in auth: Login OK: a@t.com (role=admin) from 127.0.0.1
[2026-08-11 16:27:18] INFO in auth: Login OK: a@t.com (role=admin) from 127.0.0.1
[2026-08-11 16:27:22] INFO in auth: Login OK: a@t.com (role=admin) from 127.0.0.1
[2026-08-11 16:27:25] INFO in auth: Login OK: a@t.com (role=admin) from 127.0.0.1
[2026-08-11 16:27:29] INFO in auth: Login OK: a@t.com (role=admin) from 127.0.0.1
[2026-08-11 16:27:33] INFO in auth: Login OK: a@t.com (role=admin) from 127.0.0.1
[2026-08-11 16:27:37] INFO in auth: Login OK: a@t.com (role=admin) from 127.0.0.1
[2026-08-11 16:27:40] INFO in auth: Login OK: a@t.com (role=admin) from 127.0.0.1
[2026-08-11 16:27:43] INFO in auth: Login OK: m@t.com (role=manager) from 127.0.0.1
[2026-08-12 16:41:34] INFO in app: Flask application started
[2026-08-12 16:41:34] INFO in app: Flask application started
[2026-08-12 16:41:34] INFO in app: Flask application started
[2026-08-12 16:41:37] INFO in app: Flask application started
[2026-08-12 16:41:37] INFO in app: Flask application started
[2026-08-12 16:41:37] INFO in app: Flask application started
[2026-08-12 16:41:52] WARNING in auth: Login FAILED (unknown email): sabir1@sabir1.com from 127.0.0.1
[2026-08-12 16:41:52] WARNING in auth: Login FAILED (unknown email): sabir1@sabir1.com from 127.0.0.1
[2026-08-12 16:42:01] WARNING in auth: Login FAILED (unknown email): sabir1@sabir1.com from 127.0.0.1
[2026-08-12 16:42:01] WARNING in auth: Login FAILED (unknown email): sabir1@sabir1.com from 127.0.0.1
[2026-08-12 16:42:28] WARNING in auth: Login FAILED (unknown email): sabir1@sabir1.com from 127.0.0.1
[2026-08-12 16:42:28] WARNING in auth: Login FAILED (unknown email): sabir1@sabir1.com from 127.0.0.1
[2026-08-12 16:43:29] WARNING in auth: Login FAILED (unknown email): sabir1212@yahoo.com from 127.0.0.1
[2026-08-12 16:43:29] WARNING in auth: Login FAILED (unknown email): sabir1212@yahoo.com from 127.0.0.1
[2026-08-12 16:44:01] INFO in app: Flask application started
[2026-08-12 16:44:47] INFO in auth: Login OK: sabir1@sabir1.com (role=admin) from 127.0.0.1
[2026-08-12 16:44:47] INFO in auth: Login OK: sabir1@sabir1.com (role=admin) from 127.0.0.1
[2026-08-12 16:53:16] INFO in app: Flask application started
[2026-08-12 16:55:58] INFO in app: Flask application started
[2026-08-12 16:55:58] INFO in app: Flask application started
[2026-08-12 16:55:58] INFO in app: Flask application started
[2026-08-12 16:56:00] INFO in app: Flask application started
[2026-08-12 16:56:00] INFO in app: Flask application started
[2026-08-12 16:56:00] INFO in app: Flask application started
[2026-08-12 18:00:50] INFO in app: Flask application started
[2026-08-12 18:01:22] INFO in app: Flask application started
[2026-08-12 18:01:23] INFO in app: Flask application started
[2026-08-12 18:01:23] INFO in app: Flask application started
[2026-08-12 18:01:25] INFO in app: Flask application started
[2026-08-12 18:01:25] INFO in app: Flask application started
[2026-08-12 18:01:25] INFO in app: Flask application started
[2026-08-12 18:04:02] INFO in app: Flask application started
[2026-08-12 18:04:40] INFO in app: Flask application started
[2026-08-12 18:04:41] INFO in app: Flask application started
[2026-08-12 18:04:41] INFO in app: Flask application started
[2026-08-12 18:04:43] INFO in app: Flask application started
[2026-08-12 18:04:43] INFO in app: Flask application started
[2026-08-12 18:04:43] INFO in app: Flask application started
[2026-08-12 18:06:54] INFO in app: Flask application started
[2026-08-12 18:07:30] INFO in app: Flask application started
[2026-08-12 18:07:30] INFO in app: Flask application started
[2026-08-12 18:07:30] INFO in app: Flask application started
[2026-08-12 18:07:32] INFO in app: Flask application started
[2026-08-12 18:07:32] INFO in app: Flask application started
[2026-08-12 18:07:32] INFO in app: Flask application started
[2026-08-12 18:10:16] INFO in app: Flask application started
[2026-08-12 18:10:43] INFO in app: Flask application started
[2026-08-12 18:10:43] INFO in app: Flask application started
[2026-08-12 18:10:43] INFO in app: Flask application started
[2026-08-12 18:10:45] INFO in app: Flask application started
[2026-08-12 18:10:46] INFO in app: Flask application started
[2026-08-12 18:10:46] INFO in app: Flask application started
[2026-08-12 18:13:20] INFO in app: Flask application started
[2026-08-12 18:13:53] INFO in app: Flask application started
[2026-08-12 18:13:53] INFO in app: Flask application started
[2026-08-12 18:13:53] INFO in app: Flask application started
[2026-08-12 18:13:55] INFO in app: Flask application started
[2026-08-12 18:13:56] INFO in app: Flask application started
[2026-08-12 18:13:56] INFO in app: Flask application started
[2026-08-12 18:19:52] INFO in app: Flask application started
[2026-08-12 18:20:23] INFO in app: Flask application started
[2026-08-12 18:20:24] INFO in app: Flask application started
[2026-08-12 18:20:24] INFO in app: Flask application started
[2026-08-12 18:20:26] INFO in app: Flask application started
[2026-08-12 18:20:26] INFO in app: Flask application started
[2026-08-12 18:20:26] INFO in app: Flask application started
[2026-08-12 18:26:29] INFO in app: Flask application started
[2026-08-12 18:26:53] INFO in app: Flask application started
[2026-08-12 18:26:53] INFO in app: Flask application started
[2026-08-12 18:26:53] INFO in app: Flask application started
[2026-08-12 18:26:57] INFO in app: Flask application started
[2026-08-12 18:26:57] INFO in app: Flask application started
[2026-08-12 18:26:57] INFO in app: Flask application started
[2026-08-12 18:29:13] INFO in app: Flask application started
[2026-08-12 18:29:43] INFO in app: Flask application started
[2026-08-12 18:29:43] INFO in app: Flask application started
[2026-08-12 18:29:43] INFO in app: Flask application started
[2026-08-12 18:29:45] INFO in app: Flask application started
[2026-08-12 18:29:45] INFO in app: Flask application started
[2026-08-12 18:29:45] INFO in app: Flask application started
[2026-08-12 18:31:29] INFO in app: Flask application started
[2026-08-12 18:31:58] INFO in app: Flask application started
[2026-08-12 18:31:59] INFO in app: Flask application started
[2026-08-12 18:31:59] INFO in app: Flask application started
[2026-08-12 18:32:02] INFO in app: Flask application started
[2026-08-12 18:32:02] INFO in app: Flask application started
[2026-08-12 18:32:02] INFO in app: Flask application started
[2026-08-12 18:40:13] INFO in app: Flask application started
[2026-08-12 18:41:01] INFO in app: Flask application started
[2026-08-12 18:41:01] INFO in app: Flask application started
[2026-08-12 18:41:01] INFO in app: Flask application started
[2026-08-12 18:41:03] INFO in app: Flask application started
[2026-08-12 18:41:04] INFO in app: Flask application started
[2026-08-12 18:41:04] INFO in app: Flask application started
[2026-08-12 18:43:43] INFO in app: Flask application started
[2026-08-12 18:44:12] INFO in app: Flask application started
[2026-08-12 18:44:13] INFO in app: Flask application started
[2026-08-12 18:44:13] INFO in app: Flask application started
[2026-08-12 18:44:15] INFO in app: Flask application started
[2026-08-12 18:44:15] INFO in app: Flask application started
[2026-08-12 18:44:15] INFO in app: Flask application started
[2026-08-12 18:48:11] INFO in app: Flask application started
[2026-08-12 18:48:33] INFO in app: Flask application started
[2026-08-12 18:48:33] INFO in app: Flask application started
[2026-08-12 18:48:33] INFO in app: Flask application started
[2026-08-12 18:48:35] INFO in app: Flask application started
[2026-08-12 18:48:36] INFO in app: Flask application started
[2026-08-12 18:48:36] INFO in app: Flask application started
[2026-08-12 18:50:51] INFO in app: Flask application started
[2026-08-12 18:50:52] INFO in app: Flask application started
[2026-08-12 18:50:52] INFO in app: Flask application started
[2026-08-12 18:50:54] INFO in app: Flask application started
[2026-08-12 18:50:54] INFO in app: Flask application started
[2026-08-12 18:50:54] INFO in app: Flask application started
[2026-08-12 18:54:52] INFO in app: Flask application started
[2026-08-12 18:54:52] INFO in app: Flask application started
[2026-08-12 18:54:52] INFO in app: Flask application started
[2026-08-12 18:54:54] INFO in app: Flask application started
[2026-08-12 18:54:54] INFO in app: Flask application started
[2026-08-12 18:54:54] INFO in app: Flask application started
[2026-08-12 18:57:44] INFO in app: Flask application started
[2026-08-12 18:57:45] INFO in app: Flask application started
[2026-08-12 18:57:45] INFO in app: Flask application started
[2026-08-12 18:57:48] INFO in app: Flask application started
[2026-08-12 18:57:48] INFO in app: Flask application started
[2026-08-12 18:57:48] INFO in app: Flask application started
[2026-08-12 19:11:22] INFO in app: Flask application started
[2026-08-12 19:11:22] INFO in app: Flask application started
[2026-08-12 19:11:22] INFO in app: Flask application started
[2026-08-12 19:28:25] INFO in app: Flask application started
[2026-08-12 19:28:26] INFO in app: Flask application started
[2026-08-12 19:28:26] INFO in app: Flask application started
[2026-08-12 19:28:29] INFO in app: Flask application started
[2026-08-12 19:28:30] INFO in app: Flask application started
[2026-08-12 19:28:30] INFO in app: Flask application started
[2026-08-13 10:27:16] INFO in app: Flask application started
[2026-08-13 10:27:17] INFO in app: Flask application started
[2026-08-13 10:27:17] INFO in app: Flask application started
[2026-08-13 10:27:22] INFO in app: Flask application started
[2026-08-13 10:27:23] INFO in app: Flask application started
[2026-08-13 10:27:23] INFO in app: Flask application started
[2026-08-13 10:32:23] WARNING in auth: Login FAILED (bad password): sabir1@sabir1.com from 127.0.0.1
[2026-08-13 10:32:23] WARNING in auth: Login FAILED (bad password): sabir1@sabir1.com from 127.0.0.1
[2026-08-13 10:32:36] WARNING in auth: Login FAILED (bad password): sabir1@sabir1.com from 127.0.0.1
[2026-08-13 10:32:36] WARNING in auth: Login FAILED (bad password): sabir1@sabir1.com from 127.0.0.1
[2026-08-13 10:32:59] WARNING in auth: Login FAILED (unknown email): sabir1212@yahoo.com from 127.0.0.1
[2026-08-13 10:32:59] WARNING in auth: Login FAILED (unknown email): sabir1212@yahoo.com from 127.0.0.1
[2026-08-13 10:33:24] INFO in auth: Login OK: sabir1@sabir1.com (role=admin) from 127.0.0.1
[2026-08-13 10:33:24] INFO in auth: Login OK: sabir1@sabir1.com (role=admin) from 127.0.0.1
[2026-08-13 10:42:03] INFO in app: Flask application started
[2026-08-13 10:42:04] INFO in app: Flask application started
[2026-08-13 10:42:04] INFO in app: Flask application started
[2026-08-13 10:42:10] INFO in app: Flask application started
[2026-08-13 10:42:11] INFO in app: Flask application started
[2026-08-13 10:42:11] INFO in app: Flask application started
[2026-08-13 11:58:53] INFO in app: Flask application started
[2026-08-13 11:58:53] INFO in app: Flask application started
[2026-08-13 11:58:53] INFO in app: Flask application started
[2026-08-13 11:59:31] INFO in app: Flask application started
[2026-08-13 11:59:31] INFO in app: Flask application started
[2026-08-13 11:59:31] INFO in app: Flask application started
[2026-08-13 12:08:05] INFO in app: Flask application started
[2026-08-13 12:08:06] INFO in app: Flask application started
[2026-08-13 12:08:06] INFO in app: Flask application started
[2026-08-13 12:08:24] INFO in app: Flask application started
[2026-08-13 12:08:24] INFO in app: Flask application started
[2026-08-13 12:08:24] INFO in app: Flask application started
[2026-08-13 12:08:40] INFO in app: Flask application started
[2026-08-13 12:08:41] INFO in app: Flask application started
[2026-08-13 12:08:41] INFO in app: Flask application started
[2026-08-13 12:09:47] INFO in app: Flask application started
[2026-08-13 12:10:16] INFO in auth: Login OK: jn@test.com (role=manager) from 127.0.0.1
[2026-08-13 12:10:27] INFO in auth: Login OK: jn@test.com (role=manager) from 127.0.0.1
[2026-08-13 12:11:38] INFO in auth: Login OK: a@t.com (role=admin) from 127.0.0.1
[2026-08-13 12:11:40] INFO in auth: Login OK: a@t.com (role=admin) from 127.0.0.1
[2026-08-13 12:11:43] INFO in auth: Login OK: a@t.com (role=admin) from 127.0.0.1
[2026-08-13 12:11:44] INFO in app: Posting refused: Only 20 × Widget in stock, so 100 cannot be taken out. If you are reversing a document, the goods it brought in have already been sold or issued — reverse those first.
[2026-08-13 12:11:48] INFO in auth: Login OK: a@t.com (role=admin) from 127.0.0.1
[2026-08-13 12:11:56] INFO in auth: Login OK: a@t.com (role=admin) from 127.0.0.1
[2026-08-13 12:12:00] INFO in auth: Login OK: a@t.com (role=admin) from 127.0.0.1
[2026-08-13 12:12:05] INFO in auth: Login OK: m@t.com (role=manager) from 127.0.0.1
[2026-08-13 12:12:08] INFO in auth: Login OK: m@t.com (role=manager) from 127.0.0.1
[2026-08-13 12:12:12] INFO in auth: Login OK: m@t.com (role=manager) from 127.0.0.1
[2026-08-13 12:12:14] INFO in auth: Login OK: m@t.com (role=manager) from 127.0.0.1
[2026-08-13 12:12:16] INFO in auth: Login OK: m@t.com (role=manager) from 127.0.0.1
[2026-08-13 12:12:18] INFO in auth: Login OK: s@t.com (role=staff) from 127.0.0.1
[2026-08-13 12:13:18] INFO in app: Flask application started
[2026-08-13 12:13:43] INFO in auth: Login OK: jn@test.com (role=manager) from 127.0.0.1
[2026-08-13 12:13:52] INFO in auth: Login OK: jn@test.com (role=manager) from 127.0.0.1
